CustomerID,recency,frequency,monetary,recency_score,frequency_score,monetary_score,rfm_score,rfm_total,segment
14095,722,1,2.95,1,1,1,111,3,Lost
13788,505,1,3.75,1,1,1,111,3,Lost
16738,297,1,3.75,2,1,1,211,4,Lost
14792,63,1,6.20,3,2,1,321,6,Other
15913,534,1,6.30,1,1,1,111,3,Lost
15040,541,1,7.49,1,1,1,111,3,Lost
18115,697,1,9.70,1,1,1,111,3,Lost
17378,374,1,10.95,2,1,1,211,4,Lost
17956,249,1,12.75,2,2,1,221,5,Lost
16878,84,1,13.30,3,2,1,321,6,Other
14900,522,1,13.92,1,1,1,111,3,Lost
14580,518,1,14.85,1,1,1,111,3,Lost
12846,682,1,15.58,1,1,1,111,3,Lost
16093,106,1,17.00,3,2,1,321,6,Other
13163,610,1,17.65,1,1,1,111,3,Lost
15999,735,1,20.40,1,1,1,111,3,Lost
13112,541,1,20.60,1,1,1,111,3,Lost
16953,30,1,20.80,4,1,1,411,6,Other
17986,56,1,20.80,4,2,1,421,7,Other
12606,682,1,21.00,1,1,1,111,3,Lost
16537,641,1,23.35,1,1,1,111,3,Lost
14610,395,2,24.35,2,2,1,221,5,Lost
15284,500,1,24.75,1,1,1,111,3,Lost
17102,261,1,25.50,2,2,1,221,5,Lost
17319,669,1,29.10,1,1,1,111,3,Lost
15657,22,1,30.00,4,1,1,411,6,Other
15575,619,1,30.10,1,1,1,111,3,Lost
16548,599,1,30.15,1,1,1,111,3,Lost
14144,486,1,30.60,1,1,1,111,3,Lost
13120,238,1,30.60,2,2,1,221,5,Lost
16454,44,4,30.95,4,4,1,441,9,Loyal
17129,520,1,31.85,1,1,1,111,3,Lost
14977,725,1,31.93,1,1,1,111,3,Lost
16941,611,1,33.00,1,1,1,111,3,Lost
15871,437,1,33.10,1,1,1,111,3,Lost
17533,434,1,34.80,1,1,1,111,3,Lost
15744,77,1,34.80,3,2,1,321,6,Other
17831,33,1,35.40,4,1,1,411,6,Other
14576,372,1,35.40,2,1,1,211,4,Lost
16417,492,1,35.70,1,1,1,111,3,Lost
15940,311,1,35.80,2,1,1,211,4,Lost
14993,563,1,36.13,1,1,1,111,3,Lost
17352,696,1,36.25,1,1,1,111,3,Lost
16162,252,1,37.40,2,2,1,221,5,Lost
15693,659,1,37.50,1,1,1,111,3,Lost
15455,597,1,38.25,1,1,1,111,3,Lost
18019,51,1,38.45,4,2,1,421,7,Other
17246,546,2,38.92,1,2,1,121,4,Lost
16659,189,1,39.12,2,2,1,221,5,Lost
14589,371,1,39.75,2,1,1,211,4,Lost
14086,462,1,39.95,1,1,1,111,3,Lost
15178,260,1,40.50,2,2,1,221,5,Lost
14266,428,1,40.56,1,1,1,111,3,Lost
16219,500,1,40.80,1,1,1,111,3,Lost
13906,409,1,42.00,2,1,1,211,4,Lost
13913,506,1,42.22,1,1,1,111,3,Lost
14300,18,1,43.20,5,1,1,511,7,Other
17916,628,2,43.87,1,2,1,121,4,Lost
15672,725,1,45.30,1,1,1,111,3,Lost
12496,620,2,45.34,1,2,1,121,4,Lost
15698,624,1,46.20,1,1,1,111,3,Lost
13438,547,1,46.50,1,1,1,111,3,Lost
16257,176,1,46.95,3,2,1,321,6,Other
16530,668,1,48.35,1,1,1,111,3,Lost
14380,682,1,48.96,1,1,1,111,3,Lost
18184,15,1,49.80,5,1,1,511,7,Other
14743,592,1,50.48,1,1,1,111,3,Lost
13011,372,1,50.55,2,1,1,211,4,Lost
14351,164,1,51.00,3,2,1,321,6,Other
13254,376,1,51.41,2,1,1,211,4,Lost
17844,106,1,51.56,3,2,1,321,6,Other
16786,393,1,51.84,2,1,1,211,4,Lost
15313,110,1,52.00,3,2,1,321,6,Other
17599,477,1,52.05,1,1,1,111,3,Lost
16349,290,1,53.50,2,1,1,211,4,Lost
13306,430,1,53.65,1,1,1,111,3,Lost
12860,693,1,54.22,1,1,1,111,3,Lost
17494,501,1,54.70,1,1,1,111,3,Lost
12776,667,1,55.50,1,1,1,111,3,Lost
15685,450,1,55.98,1,1,1,111,3,Lost
13366,50,1,56.16,4,2,1,421,7,Other
15899,368,1,56.25,2,1,1,211,4,Lost
17775,254,1,56.40,2,2,1,221,5,Lost
12466,682,1,56.73,1,1,1,111,3,Lost
14384,500,1,58.50,1,1,1,111,3,Lost
15371,662,1,59.40,1,1,1,111,3,Lost
15233,401,1,59.40,2,1,1,211,4,Lost
13682,187,1,59.50,3,2,1,321,6,Other
13391,203,1,59.80,2,2,1,221,5,Lost
17174,217,1,59.90,2,2,1,221,5,Lost
15250,640,1,60.00,1,1,1,111,3,Lost
16605,724,1,60.48,1,1,1,111,3,Lost
15375,690,1,60.96,1,1,1,111,3,Lost
13818,429,1,61.28,1,1,1,111,3,Lost
13303,400,1,61.72,2,1,1,211,4,Lost
13380,432,1,62.40,1,1,1,111,3,Lost
15516,44,3,62.43,4,3,1,431,8,Other
14650,589,1,62.50,1,1,1,111,3,Lost
13218,127,1,62.64,3,2,1,321,6,Other
16058,406,1,62.70,2,1,1,211,4,Lost
12404,682,1,63.24,1,1,1,111,3,Lost
15470,575,1,63.42,1,1,1,111,3,Lost
17263,208,1,63.44,2,2,1,221,5,Lost
17216,554,1,63.60,1,1,1,111,3,Lost
16238,422,1,63.66,1,1,1,111,3,Lost
13130,94,1,64.00,3,2,1,321,6,Other
13022,429,1,65.30,1,1,1,111,3,Lost
17532,385,1,65.34,2,1,1,211,4,Lost
14393,218,1,67.95,2,2,1,221,5,Lost
17249,428,1,68.03,1,1,1,111,3,Lost
12861,619,1,68.25,1,1,1,111,3,Lost
14906,445,1,68.44,1,1,1,111,3,Lost
13172,400,1,69.60,2,1,1,211,4,Lost
12568,644,1,70.00,1,1,1,111,3,Lost
15564,463,2,70.74,1,2,1,121,4,Lost
13915,394,1,70.80,2,1,1,211,4,Lost
16970,626,1,71.40,1,1,1,111,3,Lost
13185,267,1,71.40,2,2,1,221,5,Lost
17747,112,1,71.40,3,2,1,321,6,Other
13938,35,1,71.66,4,1,1,411,6,Other
16459,729,1,71.79,1,1,1,111,3,Lost
13105,436,1,72.00,1,1,1,111,3,Lost
17906,247,1,72.90,2,2,1,221,5,Lost
16171,59,1,73.20,3,2,1,321,6,Other
18032,334,1,73.50,2,1,1,211,4,Lost
12506,232,1,73.50,2,2,1,221,5,Lost
13095,70,1,74.40,3,2,1,321,6,Other
17944,423,1,74.99,1,1,1,111,3,Lost
16420,396,1,75.00,2,1,1,211,4,Lost
17192,536,1,75.28,1,1,1,111,3,Lost
14559,390,1,75.60,2,1,1,211,4,Lost
16610,219,1,75.66,2,2,1,221,5,Lost
17628,81,1,75.75,3,2,1,321,6,Other
13219,618,1,76.23,1,1,1,111,3,Lost
14613,680,1,76.32,1,1,1,111,3,Lost
18113,368,1,76.32,2,1,1,211,4,Lost
14090,324,1,76.32,2,1,1,211,4,Lost
15668,217,1,76.32,2,2,1,221,5,Lost
14373,358,1,76.55,2,1,1,211,4,Lost
16867,689,1,76.74,1,1,1,111,3,Lost
13132,261,1,77.30,2,2,1,221,5,Lost
14785,10,2,77.40,5,3,1,531,9,Other
17942,7,1,77.50,5,1,1,511,7,Other
12570,682,1,77.52,1,1,1,111,3,Lost
15753,304,1,79.20,2,1,1,211,4,Lost
14007,512,1,79.48,1,1,1,111,3,Lost
14190,666,1,79.90,1,1,1,111,3,Lost
16165,505,1,79.90,1,1,1,111,3,Lost
15131,394,1,80.28,2,1,1,211,4,Lost
15833,737,1,80.40,1,1,1,111,3,Lost
17752,359,1,80.64,2,1,1,211,4,Lost
16789,8,1,80.80,5,1,1,511,7,Other
17336,472,1,81.12,1,1,1,111,3,Lost
15170,406,1,81.15,2,1,1,211,4,Lost
14717,733,1,81.30,1,1,1,111,3,Lost
17008,429,1,81.36,1,1,1,111,3,Lost
17620,59,1,81.44,3,2,1,321,6,Other
13006,56,1,81.57,4,2,1,421,7,Other
13215,402,1,81.60,2,1,1,211,4,Lost
16028,595,1,82.20,1,1,1,111,3,Lost
13469,653,1,82.40,1,1,1,111,3,Lost
14347,736,1,82.60,1,1,1,111,3,Lost
15094,463,2,83.00,1,2,1,121,4,Lost
12401,303,1,84.30,2,1,1,211,4,Lost
13841,252,1,85.00,2,2,1,221,5,Lost
15541,114,1,85.13,3,2,1,321,6,Other
13180,607,1,86.10,1,1,1,111,3,Lost
17763,263,4,86.15,2,3,1,231,6,"At Risk"
17606,737,1,87.30,1,1,1,111,3,Lost
16564,569,1,87.80,1,1,1,111,3,Lost
15083,256,1,88.20,2,2,1,221,5,Lost
15603,78,2,88.48,3,2,1,321,6,Other
13222,577,1,88.50,1,1,1,111,3,Lost
12686,371,1,89.14,2,1,1,211,4,Lost
14760,297,1,89.20,2,1,1,211,4,Lost
13535,402,1,89.50,2,1,1,211,4,Lost
16061,431,1,89.65,1,1,1,111,3,Lost
14974,37,1,89.94,4,1,1,411,6,Other
15686,420,1,90.00,1,1,1,111,3,Lost
14117,143,1,90.00,3,2,1,321,6,Other
16597,4,1,90.04,5,1,1,511,7,Other
16506,19,2,90.30,5,3,1,531,9,Other
14435,501,1,90.42,1,1,1,111,3,Lost
13947,65,1,90.60,3,2,1,321,6,Other
14786,550,1,90.96,1,1,1,111,3,Lost
13392,677,1,91.14,1,1,1,111,3,Lost
12659,29,1,91.68,4,1,1,411,6,Other
13160,22,1,91.80,4,1,1,411,6,Other
16831,564,1,91.80,1,1,1,111,3,Lost
14054,65,1,92.46,3,2,1,321,6,Other
14865,7,4,92.52,5,4,1,541,10,Loyal
16196,488,1,93.30,1,1,1,111,3,Lost
12992,725,1,93.35,1,1,1,111,3,Lost
15082,668,1,93.35,1,1,1,111,3,Lost
15305,555,1,93.60,1,1,1,111,3,Lost
14394,564,1,93.80,1,1,1,111,3,Lost
18033,65,1,93.82,3,2,1,321,6,Other
15397,289,1,94.00,2,1,1,211,4,Lost
16339,284,1,94.05,2,1,1,211,4,Lost
15868,583,1,94.53,1,1,1,111,3,Lost
14833,498,1,94.80,1,1,1,111,3,Lost
15285,407,1,94.92,2,1,1,211,4,Lost
12548,166,1,95.20,3,2,1,321,6,Other
18249,17,1,95.34,5,1,1,511,7,Other
17895,44,1,95.45,4,2,1,421,7,Other
17024,45,3,95.85,4,3,1,431,8,Other
15583,376,1,95.96,2,1,1,211,4,Lost
13793,646,1,96.00,1,1,1,111,3,Lost
17816,36,6,96.11,4,4,1,441,9,Loyal
14642,58,1,96.12,4,2,1,421,7,Other
12984,18,1,97.50,5,1,1,511,7,Other
17395,508,1,97.50,1,1,1,111,3,Lost
16694,723,1,98.30,1,1,1,111,3,Lost
17538,25,1,98.42,4,1,1,411,6,Other
12774,535,1,98.70,1,1,1,111,3,Lost
17939,159,1,99.14,3,2,1,321,6,Other
17570,381,1,100.00,2,1,1,211,4,Lost
15635,395,1,100.35,2,1,1,211,4,Lost
14371,295,1,100.50,2,1,1,211,4,Lost
17427,71,1,100.80,3,2,1,321,6,Other
17224,501,1,100.86,1,1,1,111,3,Lost
14946,14,1,100.90,5,1,1,511,7,Other
17493,385,1,100.91,2,1,1,211,4,Lost
16498,161,2,100.97,3,2,1,321,6,Other
17741,406,2,101.10,2,2,1,221,5,Lost
18195,387,1,101.16,2,1,1,211,4,Lost
18086,274,1,101.34,2,1,1,211,4,Lost
16944,609,1,101.36,1,1,1,111,3,Lost
16516,30,1,101.70,4,1,1,411,6,Other
18068,289,1,101.70,2,1,1,211,4,Lost
15486,527,1,102.00,1,1,1,111,3,Lost
13829,421,1,102.00,1,1,1,111,3,Lost
14836,10,3,102.45,5,3,1,531,9,Other
17467,395,1,102.60,2,1,1,211,4,Lost
18124,472,1,102.65,1,1,1,111,3,Lost
15924,731,1,102.82,1,1,1,111,3,Lost
14542,185,1,103.25,3,2,1,321,6,Other
16896,555,1,103.95,1,1,1,111,3,Lost
16375,470,2,104.00,1,2,1,121,4,Lost
16547,546,1,104.26,1,1,1,111,3,Lost
17328,673,1,104.70,1,1,1,111,3,Lost
14027,60,1,104.82,3,2,1,321,6,Other
15340,561,1,105.50,1,1,1,111,3,Lost
14579,432,1,105.56,1,1,1,111,3,Lost
15642,729,1,105.78,1,1,1,111,3,Lost
18103,549,1,105.80,1,1,1,111,3,Lost
16581,182,1,105.84,3,2,1,321,6,Other
17791,29,1,106.10,4,1,1,411,6,Other
15927,647,1,106.54,1,1,1,111,3,Lost
15168,25,1,106.56,4,1,1,411,6,Other
14637,677,1,106.68,1,1,1,111,3,Lost
16082,670,1,106.75,1,1,1,111,3,Lost
16630,407,1,106.80,2,1,1,211,4,Lost
15846,385,1,107.01,2,1,1,211,4,Lost
16047,682,1,107.14,1,1,1,111,3,Lost
17893,225,1,107.21,2,2,1,221,5,Lost
15328,407,1,107.24,2,1,1,211,4,Lost
16301,736,1,107.33,1,1,1,111,3,Lost
15395,325,1,107.45,2,1,1,211,4,Lost
14943,663,1,107.62,1,1,1,111,3,Lost
13580,406,1,107.75,2,1,1,211,4,Lost
14661,26,1,107.95,4,1,1,411,6,Other
14374,541,1,108.00,1,1,1,111,3,Lost
16106,65,1,108.38,3,2,1,321,6,Other
15875,646,1,108.52,1,1,1,111,3,Lost
13170,26,1,108.81,4,1,1,411,6,Other
14345,38,1,108.98,4,1,1,411,6,Other
14721,379,1,109.07,2,1,1,211,4,Lost
16664,569,1,109.20,1,1,1,111,3,Lost
16064,725,1,109.31,1,1,1,111,3,Lost
16363,53,1,109.36,4,2,1,421,7,Other
14033,555,1,109.44,1,1,1,111,3,Lost
15851,526,1,109.73,1,1,1,111,3,Lost
17909,737,1,110.05,1,1,1,111,3,Lost
17836,47,1,110.21,4,2,1,421,7,Other
14641,21,1,110.46,4,1,1,411,6,Other
16963,187,1,110.55,3,2,1,321,6,Other
14787,471,1,110.65,1,1,1,111,3,Lost
18256,387,1,110.70,2,1,1,211,4,Lost
15853,51,1,110.80,4,2,1,421,7,Other
15537,163,1,110.92,3,2,1,321,6,Other
12692,637,1,110.95,1,1,1,111,3,Lost
14509,534,1,110.95,1,1,1,111,3,Lost
14464,568,2,111.00,1,2,1,121,4,Lost
15352,548,1,111.15,1,1,1,111,3,Lost
17208,395,1,111.15,2,1,1,211,4,Lost
18120,214,1,111.15,2,2,1,221,5,Lost
17887,129,1,111.35,3,2,1,321,6,Other
17304,534,1,111.50,1,1,1,111,3,Lost
14668,445,1,111.63,1,1,1,111,3,Lost
17957,66,1,111.68,3,2,1,321,6,Other
14750,736,1,112.03,1,1,1,111,3,Lost
12756,86,1,112.08,3,2,1,321,6,Other
13193,61,1,112.08,3,2,1,321,6,Other
17900,190,2,112.20,2,2,1,221,5,Lost
13620,528,1,112.34,1,1,1,111,3,Lost
15610,51,1,112.46,4,2,1,421,7,Other
13241,411,1,112.53,1,1,1,111,3,Lost
18129,243,1,112.55,2,2,1,221,5,Lost
16697,241,1,112.75,2,2,1,221,5,Lost
14689,208,1,112.80,2,2,1,221,5,Lost
18148,646,1,112.85,1,1,1,111,3,Lost
17784,550,1,112.86,1,1,1,111,3,Lost
16821,381,1,113.35,2,1,1,211,4,Lost
18105,37,1,113.48,4,1,1,411,6,Other
14457,310,1,113.64,2,1,1,211,4,Lost
15056,520,1,113.65,1,1,1,111,3,Lost
17275,383,1,114.10,2,1,1,211,4,Lost
14582,40,1,114.11,4,2,1,421,7,Other
12938,25,1,114.14,4,1,1,411,6,Other
14652,77,1,114.18,3,2,1,321,6,Other
14632,262,1,114.56,2,2,1,221,5,Lost
16247,170,1,114.56,3,2,1,321,6,Other
13188,11,1,114.60,5,1,1,511,7,Other
17933,632,1,114.69,1,1,1,111,3,Lost
15905,543,1,114.69,1,1,1,111,3,Lost
17401,541,1,114.85,1,1,1,111,3,Lost
18012,723,1,115.30,1,1,1,111,3,Lost
18027,98,1,115.31,3,2,1,321,6,Other
16068,593,1,115.73,1,1,1,111,3,Lost
14143,133,1,115.80,3,2,1,321,6,Other
14874,535,1,116.18,1,1,1,111,3,Lost
17117,288,1,116.20,2,1,1,211,4,Lost
14726,654,1,116.50,1,1,1,111,3,Lost
16959,87,1,117.35,3,2,1,321,6,Other
17654,277,1,117.55,2,1,1,211,4,Lost
16291,682,1,117.72,1,1,1,111,3,Lost
12929,311,1,117.85,2,1,1,211,4,Lost
14076,129,1,118.67,3,2,1,321,6,Other
14155,266,1,118.75,2,2,1,221,5,Lost
17079,78,1,118.80,3,2,1,321,6,Other
17280,438,1,118.86,1,1,1,111,3,Lost
15843,303,1,118.95,2,1,1,211,4,Lost
17177,505,1,119.50,1,1,1,111,3,Lost
17541,509,1,119.86,1,1,1,111,3,Lost
15161,388,1,119.92,2,1,1,211,4,Lost
14453,190,1,119.93,2,2,1,221,5,Lost
14259,141,1,120.00,3,2,1,321,6,Other
18015,4,1,120.03,5,1,1,511,7,Other
17543,549,1,120.05,1,1,1,111,3,Lost
14444,456,1,120.44,1,1,1,111,3,Lost
14165,275,1,120.44,2,1,1,211,4,Lost
14884,669,1,120.60,1,1,1,111,3,Lost
17446,176,2,120.90,3,2,1,321,6,Other
17260,411,1,120.95,1,1,1,111,3,Lost
15049,273,1,121.17,2,1,1,211,4,Lost
13182,45,1,121.18,4,2,1,421,7,Other
13244,92,1,121.74,3,2,1,321,6,Other
13084,491,1,122.40,1,1,1,111,3,Lost
16073,297,1,122.40,2,1,1,211,4,Lost
12969,602,1,122.45,1,1,1,111,3,Lost
13638,15,1,122.64,5,1,1,511,7,Other
13876,63,1,122.70,3,2,1,321,6,Other
16397,628,1,123.13,1,1,1,111,3,Lost
14187,473,1,123.50,1,1,1,111,3,Lost
13968,423,1,123.66,1,1,1,111,3,Lost
15779,463,2,124.08,1,2,1,121,4,Lost
18000,564,1,124.25,1,1,1,111,3,Lost
12773,564,1,124.25,1,1,1,111,3,Lost
17316,420,1,124.45,1,1,1,111,3,Lost
16849,186,1,124.57,3,2,1,321,6,Other
13312,451,1,124.75,1,1,1,111,3,Lost
17818,737,1,124.78,1,1,1,111,3,Lost
17148,51,1,124.88,4,2,1,421,7,Other
13912,423,1,124.95,1,1,1,111,3,Lost
15731,553,1,125.30,1,1,1,111,3,Lost
15017,33,1,125.58,4,1,1,411,6,Other
16925,540,1,125.65,1,1,1,111,3,Lost
13522,30,1,125.80,4,1,1,411,6,Other
12814,101,1,125.92,3,2,1,321,6,Other
17657,430,1,126.00,1,1,1,111,3,Lost
13794,546,1,126.03,1,1,1,111,3,Lost
16294,476,1,126.05,1,1,1,111,3,Lost
15463,29,1,126.14,4,1,1,411,6,Other
14751,684,2,126.45,1,2,1,121,4,Lost
16973,386,1,127.00,2,1,1,211,4,Lost
15923,372,1,127.08,2,1,1,211,4,Lost
15578,162,1,127.10,3,2,1,321,6,Other
13586,541,1,127.28,1,1,1,111,3,Lost
13053,621,1,127.65,1,1,1,111,3,Lost
13666,60,5,127.90,3,4,1,341,8,Loyal
17297,17,1,128.18,5,1,1,511,7,Other
15892,669,1,128.20,1,1,1,111,3,Lost
16251,512,1,128.31,1,1,1,111,3,Lost
17089,386,1,128.45,2,1,1,211,4,Lost
16828,93,2,128.50,3,2,1,321,6,Other
17056,738,1,128.60,1,1,1,111,3,Lost
13071,612,1,129.22,1,1,1,111,3,Lost
12555,682,1,129.23,1,1,1,111,3,Lost
14999,592,1,129.48,1,1,1,111,3,Lost
17847,515,2,129.69,1,2,1,121,4,Lost
15317,677,1,129.75,1,1,1,111,3,Lost
17762,456,1,129.75,1,1,1,111,3,Lost
16288,470,1,129.85,1,1,1,111,3,Lost
16410,734,1,130.32,1,1,1,111,3,Lost
17240,596,1,130.60,1,1,1,111,3,Lost
15844,46,1,130.74,4,2,1,421,7,Other
16865,401,1,130.95,2,1,1,211,4,Lost
17225,581,1,131.15,1,1,1,111,3,Lost
15409,721,1,131.25,1,1,1,111,3,Lost
14378,621,1,131.25,1,1,1,111,3,Lost
14795,166,1,131.45,3,2,1,321,6,Other
17455,203,1,131.70,2,2,1,221,5,Lost
17565,586,1,131.83,1,1,1,111,3,Lost
14438,306,1,131.90,2,1,1,211,4,Lost
12512,66,2,132.18,3,2,1,321,6,Other
12964,437,1,132.24,1,1,1,111,3,Lost
12467,423,1,132.80,1,1,1,111,3,Lost
17826,374,1,133.34,2,1,1,211,4,Lost
17881,304,1,133.35,2,1,1,211,4,Lost
14349,10,1,133.50,5,1,1,511,7,Other
16886,456,1,134.00,1,1,1,111,3,Lost
14280,196,1,134.04,2,2,1,221,5,Lost
16486,537,1,134.36,1,1,1,111,3,Lost
15926,542,1,134.44,1,1,1,111,3,Lost
14174,33,1,134.46,4,1,1,411,6,Other
14340,218,1,134.70,2,2,1,221,5,Lost
16055,220,1,134.80,2,2,1,221,5,Lost
13119,668,1,134.90,1,1,1,111,3,Lost
13364,71,1,134.96,3,2,1,321,6,Other
17199,582,1,135.04,1,1,1,111,3,Lost
17960,171,3,135.08,3,3,1,331,7,Other
13702,445,1,135.18,1,1,1,111,3,Lost
17972,241,1,135.19,2,2,1,221,5,Lost
13144,332,2,135.35,2,2,1,221,5,Lost
14588,578,1,135.39,1,1,1,111,3,Lost
13076,457,1,135.40,1,1,1,111,3,Lost
16665,362,1,135.40,2,1,1,211,4,Lost
14391,576,1,135.60,1,1,1,111,3,Lost
16114,170,1,135.75,3,2,1,321,6,Other
15419,24,1,135.86,4,1,1,411,6,Other
14889,336,1,135.90,2,1,1,211,4,Lost
17583,560,1,135.95,1,1,1,111,3,Lost
12968,112,1,135.95,3,2,1,321,6,Other
14366,525,1,136.00,1,1,1,111,3,Lost
16462,73,3,136.00,3,3,1,331,7,Other
16876,403,1,136.01,2,1,1,211,4,Lost
16651,586,1,136.20,1,1,1,111,3,Lost
16289,462,1,136.31,1,1,1,111,3,Lost
16237,437,1,136.65,1,1,1,111,3,Lost
13195,414,1,136.73,1,1,1,111,3,Lost
13907,691,1,136.80,1,1,1,111,3,Lost
15836,50,1,137.37,4,2,1,421,7,Other
13279,78,1,137.75,3,2,1,321,6,Other
16396,476,1,137.80,1,1,1,111,3,Lost
15848,621,1,137.99,1,1,1,111,3,Lost
15663,106,1,138.14,3,2,1,321,6,Other
17982,680,1,138.18,1,1,1,111,3,Lost
13716,269,1,138.28,2,2,1,221,5,Lost
12902,264,1,138.68,2,2,1,221,5,Lost
13273,113,1,138.98,3,2,1,321,6,Other
18209,28,1,139.10,4,1,1,411,6,Other
14707,435,2,139.20,1,2,1,121,4,Lost
14772,112,1,139.26,3,2,1,321,6,Other
16483,192,1,139.35,2,2,1,221,5,Lost
16840,603,2,139.85,1,2,1,121,4,Lost
13839,486,1,139.95,1,1,1,111,3,Lost
15324,701,1,140.22,1,1,1,111,3,Lost
13483,65,1,140.34,3,2,1,321,6,Other
15702,476,2,140.39,1,2,1,121,4,Lost
15388,270,1,140.54,2,2,1,221,5,Lost
14773,592,1,140.55,1,1,1,111,3,Lost
17959,592,1,140.75,1,1,1,111,3,Lost
12636,738,1,141.00,1,1,1,111,3,Lost
17273,424,1,141.12,1,1,1,111,3,Lost
14041,266,1,141.41,2,2,1,221,5,Lost
18038,556,1,141.48,1,1,1,111,3,Lost
17859,304,1,141.92,2,1,1,211,4,Lost
14386,296,1,142.40,2,1,1,211,4,Lost
16507,572,1,142.71,1,1,1,111,3,Lost
15761,442,1,143.05,1,1,1,111,3,Lost
17149,451,1,143.10,1,1,1,111,3,Lost
15705,201,1,143.10,2,2,1,221,5,Lost
14574,732,1,143.70,1,1,1,111,3,Lost
14604,633,1,143.86,1,1,1,111,3,Lost
12387,415,1,143.94,1,1,1,111,3,Lost
12587,7,1,144.00,5,1,1,511,7,Other
17186,46,2,144.00,4,2,1,421,7,Other
15816,542,2,144.15,1,2,1,121,4,Lost
14109,72,1,144.20,3,2,1,321,6,Other
17938,420,1,144.29,1,1,1,111,3,Lost
16852,10,2,144.91,5,3,1,531,9,Other
15902,380,1,145.01,2,1,1,211,4,Lost
16598,285,1,145.05,2,1,1,211,4,Lost
14972,128,2,145.07,3,2,1,321,6,Other
15937,64,1,145.35,3,2,1,321,6,Other
13866,74,1,145.67,3,2,1,321,6,Other
12565,288,1,145.92,2,1,1,211,4,Lost
18137,551,2,145.99,1,2,1,121,4,Lost
15496,631,1,146.14,1,1,1,111,3,Lost
14683,588,1,146.56,1,1,1,111,3,Lost
17030,63,1,146.87,3,2,1,321,6,Other
12858,383,1,147.27,2,1,1,211,4,Lost
17794,686,2,147.30,1,2,1,121,4,Lost
14098,36,1,147.35,4,1,1,411,6,Other
16724,404,1,147.35,2,1,1,211,4,Lost
15479,733,1,147.40,1,1,1,111,3,Lost
13578,409,1,147.66,2,1,1,211,4,Lost
13457,688,2,148.22,1,2,1,121,4,Lost
17592,738,1,148.30,1,1,1,111,3,Lost
15283,390,3,148.33,2,3,1,231,6,"At Risk"
15526,33,2,148.44,4,3,1,431,8,Other
13125,523,1,148.62,1,1,1,111,3,Lost
17549,23,2,148.86,4,3,1,431,8,Other
13003,105,3,149.05,3,3,1,331,7,Other
15435,22,1,149.29,4,1,1,411,6,Other
17390,420,1,149.30,1,1,1,111,3,Lost
17946,233,2,149.58,2,2,1,221,5,Lost
13257,436,1,149.75,1,1,1,111,3,Lost
17234,182,1,149.89,3,2,1,321,6,Other
14845,599,1,150.00,1,1,1,111,3,Lost
15474,595,1,150.35,1,1,1,111,3,Lost
18200,106,1,150.35,3,2,1,321,6,Other
14084,512,1,150.50,1,1,1,111,3,Lost
15775,245,2,150.50,2,2,1,221,5,Lost
15991,534,1,150.55,1,1,1,111,3,Lost
14980,737,1,150.68,1,1,1,111,3,Lost
12959,484,1,150.95,1,1,1,111,3,Lost
14073,32,1,151.04,4,1,1,411,6,Other
16337,36,1,151.05,4,1,1,411,6,Other
16662,394,1,151.05,2,1,1,211,4,Lost
14516,516,1,151.17,1,1,1,111,3,Lost
13697,38,1,151.30,4,1,1,411,6,Other
18076,380,1,151.49,2,1,1,211,4,Lost
14362,22,1,151.50,4,1,1,411,6,Other
16617,235,1,151.85,2,2,1,221,5,Lost
13653,487,1,152.20,1,1,1,111,3,Lost
17327,409,2,152.35,2,2,1,221,5,Lost
15509,380,1,152.41,2,1,1,211,4,Lost
14066,266,1,152.55,2,2,1,221,5,Lost
18138,295,1,152.65,2,1,1,211,4,Lost
16248,61,1,152.94,3,2,1,321,6,Other
12602,58,1,153.12,3,2,1,321,6,Other
15431,502,1,153.24,1,1,1,111,3,Lost
15560,397,2,153.52,2,2,1,221,5,Lost
17517,308,1,153.94,2,1,1,211,4,Lost
14814,581,1,154.21,1,1,1,111,3,Lost
13490,654,1,154.25,1,1,1,111,3,Lost
15226,310,1,154.41,2,1,1,211,4,Lost
17899,159,1,154.55,3,2,1,321,6,Other
15740,49,1,154.88,4,2,1,421,7,Other
17698,260,1,154.95,2,2,1,221,5,Lost
14046,284,1,154.99,2,1,1,211,4,Lost
14368,319,1,155.00,2,1,1,211,4,Lost
12738,372,1,155.35,2,1,1,211,4,Lost
17832,49,1,155.37,4,2,1,421,7,Other
13051,578,2,155.80,1,2,1,121,4,Lost
17885,12,1,156.34,5,1,1,511,7,Other
15263,106,1,156.51,3,2,1,321,6,Other
15438,131,1,156.58,3,2,1,321,6,Other
16578,626,1,156.60,1,1,1,111,3,Lost
14406,119,1,156.75,3,2,1,321,6,Other
13830,581,1,156.85,1,1,1,111,3,Lost
15742,619,1,156.87,1,1,1,111,3,Lost
15007,159,1,156.91,3,2,1,321,6,Other
17118,317,1,157.02,2,1,1,211,4,Lost
17128,334,1,157.09,2,1,1,211,4,Lost
16371,448,1,157.20,1,1,1,111,3,Lost
17318,725,1,157.33,1,1,1,111,3,Lost
12894,575,1,157.35,1,1,1,111,3,Lost
16687,390,1,157.63,2,1,1,211,4,Lost
14822,485,1,157.70,1,1,1,111,3,Lost
14207,687,1,157.80,1,1,1,111,3,Lost
17751,421,1,157.86,1,1,1,111,3,Lost
18004,362,1,157.92,2,1,1,211,4,Lost
14318,460,1,158.02,1,1,1,111,3,Lost
15348,72,1,158.04,3,2,1,321,6,Other
15548,595,1,158.09,1,1,1,111,3,Lost
15499,723,1,158.65,1,1,1,111,3,Lost
14089,56,1,158.75,4,2,1,421,7,Other
18224,263,1,158.95,2,2,1,221,5,Lost
16213,78,1,159.00,3,2,1,321,6,Other
17953,540,1,159.17,1,1,1,111,3,Lost
13302,155,2,159.20,3,2,1,321,6,Other
13420,149,2,159.85,3,2,1,321,6,Other
14571,425,1,160.00,1,1,1,111,3,Lost
12966,9,1,160.18,5,1,1,511,7,Other
18146,140,2,160.35,3,2,1,321,6,Other
16645,735,1,160.39,1,1,1,111,3,Lost
15229,586,1,160.50,1,1,1,111,3,Lost
17487,728,1,160.55,1,1,1,111,3,Lost
17202,420,1,160.65,1,1,1,111,3,Lost
17605,590,1,160.75,1,1,1,111,3,Lost
13229,225,1,160.95,2,2,1,221,5,Lost
13701,446,1,161.00,1,1,1,111,3,Lost
13779,515,1,161.13,1,1,1,111,3,Lost
13714,465,1,161.35,1,1,1,111,3,Lost
16113,183,1,161.38,3,2,1,321,6,Other
17600,17,1,161.67,5,1,1,511,7,Other
17971,548,1,161.94,1,1,1,111,3,Lost
12661,436,1,162.00,1,1,1,111,3,Lost
18014,28,1,162.22,4,1,1,411,6,Other
16443,520,1,162.24,1,1,1,111,3,Lost
15534,725,1,162.25,1,1,1,111,3,Lost
15733,282,1,162.30,2,1,1,211,4,Lost
12954,638,1,162.45,1,1,1,111,3,Lost
18174,7,2,162.50,5,3,1,531,9,Other
16517,277,1,162.70,2,1,1,211,4,Lost
14485,38,1,162.80,4,1,1,411,6,Other
14354,5,2,163.62,5,3,1,531,9,Other
14955,732,1,163.77,1,1,1,111,3,Lost
17417,548,1,164.18,1,1,1,111,3,Lost
13603,26,1,164.34,4,1,1,411,6,Other
17535,280,1,164.40,2,1,1,211,4,Lost
15904,8,1,164.68,5,1,1,511,7,Other
13191,658,1,164.69,1,1,1,111,3,Lost
16663,729,1,165.00,1,1,1,111,3,Lost
15316,326,1,165.00,2,1,1,211,4,Lost
13470,99,2,165.00,3,2,1,321,6,Other
13903,400,1,165.45,2,1,1,211,4,Lost
18107,442,1,165.88,1,1,1,111,3,Lost
18088,61,1,166.03,3,2,1,321,6,Other
17650,21,1,166.08,4,1,1,411,6,Other
13967,145,2,166.30,3,2,1,321,6,Other
13547,408,1,167.08,2,1,1,211,4,Lost
17875,688,1,167.10,1,1,1,111,3,Lost
15166,467,1,167.16,1,1,1,111,3,Lost
16405,302,2,167.25,2,2,1,221,5,Lost
13609,593,1,167.35,1,1,1,111,3,Lost
17586,619,1,167.40,1,1,1,111,3,Lost
18037,154,15,167.42,3,5,1,351,9,Loyal
17367,238,1,167.55,2,2,1,221,5,Lost
17559,512,1,167.62,1,1,1,111,3,Lost
12551,357,1,168.00,2,1,1,211,4,Lost
14131,648,1,168.22,1,1,1,111,3,Lost
17737,9,2,168.24,5,3,1,531,9,Other
18099,127,1,168.31,3,2,1,321,6,Other
18269,366,1,168.60,2,1,1,211,4,Lost
14578,3,1,168.63,5,1,1,511,7,Other
12768,450,1,168.69,1,1,1,111,3,Lost
12367,4,1,168.90,5,1,1,511,7,Other
15647,415,1,169.00,1,1,1,111,3,Lost
16002,625,1,169.21,1,1,1,111,3,Lost
14218,42,1,169.48,4,2,1,421,7,Other
13747,373,2,169.80,2,2,1,221,5,Lost
15335,53,1,170.22,4,2,1,421,7,Other
16731,648,1,170.30,1,1,1,111,3,Lost
14860,19,1,170.32,4,1,1,411,6,Other
17922,543,1,170.40,1,1,1,111,3,Lost
15256,148,2,170.40,3,2,1,321,6,Other
14811,387,1,170.50,2,1,1,211,4,Lost
15403,491,2,170.88,1,2,1,121,4,Lost
14536,259,1,170.95,2,2,1,221,5,Lost
16673,679,1,171.13,1,1,1,111,3,Lost
16312,432,1,171.15,1,1,1,111,3,Lost
13560,7,1,171.42,5,1,1,511,7,Other
17575,667,1,171.70,1,1,1,111,3,Lost
17983,395,1,171.71,2,1,1,211,4,Lost
15515,387,1,171.81,2,1,1,211,4,Lost
12442,3,1,172.06,5,1,1,511,7,Other
13690,59,1,172.25,3,2,1,321,6,Other
13671,394,1,172.60,2,1,1,211,4,Lost
16599,385,1,172.80,2,1,1,211,4,Lost
16741,625,1,173.06,1,1,1,111,3,Lost
15565,50,2,173.16,4,2,1,421,7,Other
12441,366,1,173.55,2,1,1,211,4,Lost
14674,509,1,173.66,1,1,1,111,3,Lost
15684,547,3,173.95,1,3,1,131,5,"At Risk"
14518,64,1,174.37,3,2,1,321,6,Other
18010,256,1,174.80,2,2,1,221,5,Lost
14495,50,3,174.80,4,3,1,431,8,Other
17108,663,1,174.95,1,1,1,111,3,Lost
16559,397,1,175.00,2,1,1,211,4,Lost
16144,246,1,175.20,2,2,1,221,5,Lost
17331,123,1,175.20,3,2,1,321,6,Other
13007,579,1,175.25,1,1,1,111,3,Lost
18166,623,1,175.50,1,1,1,111,3,Lost
14486,511,2,175.50,1,2,1,121,4,Lost
17026,185,3,175.83,3,3,1,331,7,Other
17840,443,1,175.90,1,1,1,111,3,Lost
18274,30,1,175.92,4,1,1,411,6,Other
18175,675,1,176.10,1,1,1,111,3,Lost
18054,392,1,176.50,2,1,1,211,4,Lost
12509,284,1,176.50,2,1,1,211,4,Lost
12893,30,1,176.55,4,1,1,411,6,Other
14287,8,3,176.63,5,3,1,531,9,Other
17947,37,1,176.68,4,1,1,411,6,Other
13746,413,1,176.69,1,1,1,111,3,Lost
17587,628,1,176.71,1,1,1,111,3,Lost
16285,646,1,176.90,1,1,1,111,3,Lost
17036,383,1,176.90,2,1,1,211,4,Lost
13072,266,1,177.15,2,2,1,221,5,Lost
12618,21,1,177.31,4,1,1,411,6,Other
13618,173,1,177.34,3,2,1,321,6,Other
16403,312,1,177.50,2,1,1,211,4,Lost
18282,7,2,178.05,5,3,1,531,9,Other
17798,581,1,178.07,1,1,1,111,3,Lost
17253,18,1,178.26,5,1,1,511,7,Other
18045,45,1,178.34,4,2,1,421,7,Other
15292,201,1,178.39,2,2,1,221,5,Lost
17879,173,1,178.52,3,2,1,321,6,Other
17170,374,2,178.68,2,2,1,221,5,Lost
16691,418,2,178.83,1,2,1,121,4,Lost
14812,598,1,178.85,1,1,1,111,3,Lost
15139,239,2,178.96,2,2,1,221,5,Lost
15209,730,1,178.98,1,1,1,111,3,Lost
14705,198,1,179.00,2,2,1,221,5,Lost
15895,149,1,179.17,3,2,1,321,6,Other
18147,45,2,179.34,4,2,1,421,7,Other
14945,413,1,179.40,1,1,1,111,3,Lost
16640,397,1,179.40,2,1,1,211,4,Lost
18234,551,1,179.60,1,1,1,111,3,Lost
12622,232,1,180.10,2,2,1,221,5,Lost
16090,624,1,180.56,1,1,1,111,3,Lost
17820,374,1,180.61,2,1,1,211,4,Lost
18119,367,1,180.70,2,1,1,211,4,Lost
14858,505,1,180.75,1,1,1,111,3,Lost
17904,21,1,181.07,4,1,1,411,6,Other
16594,75,1,181.09,3,2,1,321,6,Other
15359,662,8,181.35,1,4,1,141,6,Loyal
16822,686,1,181.39,1,1,1,111,3,Lost
12934,736,1,181.65,1,1,1,111,3,Lost
14941,578,1,182.10,1,1,1,111,3,Lost
16819,465,2,182.59,1,2,1,121,4,Lost
14983,689,1,183.20,1,1,1,111,3,Lost
14119,375,2,183.37,2,2,1,221,5,Lost
13460,29,2,183.44,4,3,1,431,8,Other
14059,266,1,183.60,2,2,1,221,5,Lost
16914,36,1,183.76,4,1,1,411,6,Other
17803,392,1,184.66,2,1,1,211,4,Lost
14677,592,1,184.91,1,1,1,111,3,Lost
16097,240,1,185.05,2,2,1,221,5,Lost
14879,684,1,185.06,1,1,1,111,3,Lost
17574,242,1,185.65,2,2,1,221,5,Lost
12641,115,1,185.90,3,2,1,321,6,Other
15567,18,1,186.01,5,1,1,511,7,Other
16388,653,1,186.05,1,1,1,111,3,Lost
17215,464,1,186.15,1,1,1,111,3,Lost
18063,390,2,186.60,2,2,1,221,5,Lost
16267,591,1,186.66,1,1,1,111,3,Lost
13387,417,1,186.94,1,1,1,111,3,Lost
13568,173,1,187.05,3,2,1,321,6,Other
18013,155,2,187.29,3,2,1,321,6,Other
13852,610,1,187.35,1,1,1,111,3,Lost
15072,479,1,187.52,1,1,1,111,3,Lost
17279,57,1,187.83,4,2,1,421,7,Other
17781,159,2,188.02,3,2,1,321,6,Other
13063,480,1,188.40,1,1,1,111,3,Lost
16051,681,1,188.44,1,1,1,111,3,Lost
17283,378,1,188.46,2,1,1,211,4,Lost
14697,218,2,188.61,2,2,1,221,5,Lost
16277,733,1,188.69,1,1,1,111,3,Lost
14830,53,1,188.88,4,2,1,421,7,Other
14801,61,1,189.34,3,2,1,321,6,Other
13826,176,1,189.50,3,2,1,321,6,Other
18046,649,1,189.63,1,1,1,111,3,Lost
17257,436,2,189.78,1,2,1,121,4,Lost
13972,70,2,190.25,3,2,1,321,6,Other
13766,495,1,190.35,1,1,1,111,3,Lost
14617,402,2,190.47,2,2,1,221,5,Lost
18020,543,1,190.48,1,1,1,111,3,Lost
15412,171,1,190.53,3,2,1,321,6,Other
15688,418,1,190.57,1,1,1,111,3,Lost
14728,413,1,190.58,1,1,1,111,3,Lost
15954,589,1,190.75,1,1,1,111,3,Lost
15692,28,1,191.04,4,1,1,411,6,Other
14279,520,2,191.86,1,2,1,121,4,Lost
16695,561,2,191.90,1,2,1,121,4,Lost
15909,173,1,191.94,3,2,1,321,6,Other
14100,137,1,191.95,3,2,1,321,6,Other
18028,583,1,192.05,1,1,1,111,3,Lost
15729,212,3,192.55,2,3,1,231,6,"At Risk"
14768,17,2,192.60,5,3,1,531,9,Other
12522,39,2,192.72,4,3,1,431,8,Other
14476,257,1,193.00,2,2,1,221,5,Lost
16299,477,1,193.65,1,1,1,111,3,Lost
17475,79,1,194.37,3,2,1,321,6,Other
17065,637,2,194.70,1,2,1,121,4,Lost
17468,10,3,194.80,5,3,1,531,9,Other
14405,386,1,195.00,2,1,1,211,4,Lost
15612,36,2,195.15,4,3,1,431,8,Other
14666,24,1,195.25,4,1,1,411,6,Other
17010,18,1,195.36,5,1,1,511,7,Other
13757,674,1,195.55,1,1,1,111,3,Lost
16112,143,4,195.74,3,3,1,331,7,Other
16937,499,1,196.25,1,1,1,111,3,Lost
13978,14,2,196.79,5,3,1,531,9,Other
15746,134,1,196.88,3,2,1,321,6,Other
13436,1,1,196.89,5,1,1,511,7,Other
15234,276,1,197.00,2,1,1,211,4,Lost
12927,394,1,197.31,2,1,1,211,4,Lost
17112,502,1,197.57,1,1,1,111,3,Lost
14789,28,1,197.64,4,1,1,411,6,Other
14185,331,1,197.65,2,1,1,211,4,Lost
17778,661,1,197.70,1,1,1,111,3,Lost
12581,39,1,197.71,4,2,1,421,7,Other
17184,569,2,198.41,1,2,1,121,4,Lost
15020,379,1,198.47,2,1,1,211,4,Lost
15001,394,2,199.11,2,2,1,221,5,Lost
14521,491,1,199.45,1,1,1,111,3,Lost
13322,17,1,199.48,5,1,1,511,7,Other
15593,70,1,199.80,3,2,1,321,6,Other
14782,319,1,200.10,2,1,1,211,4,Lost
13944,653,1,200.43,1,1,1,111,3,Lost
13133,273,3,200.45,2,3,1,231,6,"At Risk"
17693,137,1,200.47,3,2,1,321,6,Other
14330,623,1,200.63,1,1,1,111,3,Lost
13556,429,2,200.82,1,2,1,121,4,Lost
18126,60,1,200.92,3,2,1,321,6,Other
18281,180,2,201.14,3,2,1,321,6,Other
13284,330,1,201.19,2,1,1,211,4,Lost
16965,226,1,201.19,2,2,1,221,5,Lost
14385,9,3,202.11,5,3,1,531,9,Other
14892,690,1,202.35,1,1,1,111,3,Lost
12416,656,1,202.56,1,1,1,111,3,Lost
18169,60,1,202.65,3,2,1,321,6,Other
15558,639,1,202.68,1,1,1,111,3,Lost
15459,417,2,202.83,1,2,1,121,4,Lost
17074,562,1,203.05,1,1,1,111,3,Lost
14519,683,2,203.14,1,2,1,121,4,Lost
17891,162,1,203.86,3,2,1,321,6,Other
17394,219,1,203.87,2,2,1,221,5,Lost
13017,7,1,204.00,5,1,1,511,7,Other
14468,733,1,204.24,1,1,1,111,3,Lost
17206,53,1,204.24,4,2,1,421,7,Other
16901,729,1,204.26,1,1,1,111,3,Lost
17271,736,1,204.30,1,1,1,111,3,Lost
15319,283,1,204.50,2,1,1,211,4,Lost
15758,24,1,205.25,4,1,1,411,6,Other
12400,414,1,205.25,1,1,1,111,3,Lost
15307,95,1,205.30,3,2,1,321,6,Other
14602,656,1,205.36,1,1,1,111,3,Lost
16490,436,1,205.41,1,1,1,111,3,Lost
17670,227,1,205.70,2,2,1,221,5,Lost
16540,414,1,205.75,1,1,1,111,3,Lost
14278,409,1,205.83,2,1,1,211,4,Lost
15914,378,2,205.99,2,2,1,221,5,Lost
14964,247,1,206.21,2,2,1,221,5,Lost
17166,38,2,206.34,4,3,1,431,8,Other
15820,319,1,206.98,2,1,1,211,4,Lost
15295,654,1,207.04,1,1,1,111,3,Lost
15925,194,1,207.15,2,2,1,221,5,Lost
17989,379,1,207.33,2,1,1,211,4,Lost
13099,99,1,207.36,3,2,1,321,6,Other
16752,372,1,207.50,2,1,1,211,4,Lost
15052,319,1,207.73,2,1,1,211,4,Lost
16866,140,3,207.74,3,3,1,331,7,Other
16964,733,2,207.85,1,2,1,121,4,Lost
12848,675,1,208.00,1,1,1,111,3,Lost
15212,241,2,208.28,2,2,1,221,5,Lost
16457,218,1,208.36,2,2,1,221,5,Lost
15897,194,2,208.59,2,2,1,221,5,Lost
15741,458,2,208.62,1,2,1,121,4,Lost
13290,438,1,208.63,1,1,1,111,3,Lost
15327,52,1,208.75,4,2,1,421,7,Other
17855,372,1,208.97,2,1,1,211,4,Lost
15112,611,1,209.40,1,1,1,111,3,Lost
16487,577,2,209.40,1,2,1,121,4,Lost
14003,732,1,209.41,1,1,1,111,3,Lost
13056,551,1,209.48,1,1,1,111,3,Lost
13828,22,1,209.49,4,1,1,411,6,Other
17484,576,2,209.57,1,2,1,121,4,Lost
16874,379,1,209.89,2,1,1,211,4,Lost
17217,234,2,210.10,2,2,1,221,5,Lost
13532,33,1,210.31,4,1,1,411,6,Other
14992,442,1,210.50,1,1,1,111,3,Lost
15490,430,1,210.85,1,1,1,111,3,Lost
12995,85,1,211.32,3,2,1,321,6,Other
13271,37,1,211.49,4,1,1,411,6,Other
15703,264,1,211.50,2,2,1,221,5,Lost
14843,436,1,211.80,1,1,1,111,3,Lost
15866,101,1,211.89,3,2,1,321,6,Other
12470,689,1,211.95,1,1,1,111,3,Lost
12961,379,1,211.99,2,1,1,211,4,Lost
13691,396,1,212.78,2,1,1,211,4,Lost
13724,637,1,213.01,1,1,1,111,3,Lost
16591,68,1,213.50,3,2,1,321,6,Other
13411,107,1,213.55,3,2,1,321,6,Other
17153,24,1,213.78,4,1,1,411,6,Other
13621,116,1,213.85,3,2,1,321,6,Other
18157,571,1,213.90,1,1,1,111,3,Lost
14601,10,1,213.96,5,1,1,511,7,Other
14271,225,2,214.18,2,2,1,221,5,Lost
15460,354,1,214.26,2,1,1,211,4,Lost
17619,312,1,214.37,2,1,1,211,4,Lost
14361,578,1,214.71,1,1,1,111,3,Lost
14106,737,1,214.80,1,1,1,111,3,Lost
16338,157,1,214.80,3,2,1,321,6,Other
14635,453,1,215.22,1,1,1,111,3,Lost
18007,392,1,215.22,2,1,1,211,4,Lost
14376,683,1,215.46,1,1,1,111,3,Lost
16189,15,2,215.48,5,3,1,531,9,Other
16179,60,1,215.83,3,2,1,321,6,Other
13858,57,1,216.17,4,2,1,421,7,Other
15604,52,1,216.39,4,2,1,421,7,Other
17902,546,1,216.40,1,1,1,111,3,Lost
18021,509,2,216.41,1,2,1,121,4,Lost
15401,452,2,216.95,1,2,1,121,4,Lost
13423,428,1,217.03,1,1,1,111,3,Lost
15554,277,1,217.20,2,1,1,211,4,Lost
16666,19,2,217.71,5,3,1,531,9,Other
16035,560,1,217.73,1,1,1,111,3,Lost
15591,582,3,217.90,1,3,1,131,5,"At Risk"
12574,315,1,218.45,2,1,1,211,4,Lost
15086,564,2,218.53,1,2,1,121,4,Lost
15790,10,1,218.75,5,1,1,511,7,Other
12702,19,1,219.00,4,1,1,411,6,Other
12799,529,1,219.35,1,1,1,111,3,Lost
15096,42,1,219.39,4,2,1,421,7,Other
14074,623,1,219.40,1,1,1,111,3,Lost
13992,30,3,219.50,4,3,1,431,8,Other
13454,641,1,219.87,1,1,1,111,3,Lost
18114,290,1,220.10,2,1,1,211,4,Lost
18132,504,1,220.13,1,1,1,111,3,Lost
13033,357,2,220.55,2,2,1,221,5,Lost
16482,15,1,220.62,5,1,1,511,7,Other
12821,214,2,220.80,2,2,1,221,5,Lost
13419,63,1,221.06,3,2,1,321,6,Other
14960,8,2,221.27,5,3,1,531,9,Other
17087,737,1,221.53,1,1,1,111,3,Lost
17261,509,1,221.59,1,1,1,111,3,Lost
14445,455,1,221.65,1,1,1,111,3,Lost
15788,508,1,221.83,1,1,1,111,3,Lost
14596,626,1,222.22,1,1,1,111,3,Lost
12887,383,1,222.40,2,1,1,211,4,Lost
18131,631,1,222.96,1,1,1,111,3,Lost
17967,371,2,223.42,2,2,1,221,5,Lost
13926,23,1,223.85,4,1,1,411,6,Other
16562,476,1,223.86,1,1,1,111,3,Lost
14928,627,1,223.91,1,1,1,111,3,Lost
16753,58,1,223.92,4,2,1,421,7,Other
12914,400,1,223.98,2,1,1,211,4,Lost
15175,71,1,224.14,3,2,1,321,6,Other
16346,385,1,224.51,2,1,1,211,4,Lost
13619,544,2,224.94,1,2,1,121,4,Lost
14357,43,1,225.12,4,2,1,421,7,Other
16587,232,1,225.15,2,2,1,221,5,Lost
16622,543,1,225.40,1,1,1,111,3,Lost
17915,551,1,225.78,1,1,1,111,3,Lost
14069,514,2,225.81,1,2,1,121,4,Lost
17993,617,1,225.99,1,1,1,111,3,Lost
14718,410,1,226.42,1,1,1,111,3,Lost
18005,3,2,226.47,5,3,1,531,9,Other
13651,35,3,226.85,4,3,1,431,8,Other
15451,434,2,226.86,1,2,1,121,4,Lost
16740,395,1,226.91,2,1,1,211,4,Lost
17868,386,1,227.15,2,1,1,211,4,Lost
14363,402,2,227.47,2,2,1,221,5,Lost
15566,392,2,227.87,2,2,1,221,5,Lost
16760,430,1,228.00,1,1,1,111,3,Lost
14458,380,1,228.07,2,1,1,211,4,Lost
17066,726,1,228.34,1,1,1,111,3,Lost
13146,26,1,228.91,4,1,1,411,6,Other
15273,599,1,228.96,1,1,1,111,3,Lost
17347,86,1,228.96,3,2,1,321,6,Other
17743,448,1,229.20,1,1,1,111,3,Lost
15528,254,1,229.33,2,2,1,221,5,Lost
17185,591,3,229.46,1,3,1,131,5,"At Risk"
13403,17,3,229.50,5,3,1,531,9,Other
12812,44,1,229.64,4,2,1,421,7,Other
14017,571,1,229.75,1,1,1,111,3,Lost
14314,106,2,229.80,3,2,1,321,6,Other
18197,575,1,230.10,1,1,1,111,3,Lost
13960,21,2,230.22,4,3,1,431,8,Other
17125,50,1,230.50,4,2,1,421,7,Other
18030,4,2,230.65,5,3,1,531,9,Other
15487,679,1,231.32,1,1,1,111,3,Lost
18279,519,1,231.34,1,1,1,111,3,Lost
17136,662,1,231.68,1,1,1,111,3,Lost
17151,735,1,231.90,1,1,1,111,3,Lost
16408,591,1,231.93,1,1,1,111,3,Lost
14995,38,2,231.98,4,3,1,431,8,Other
13608,540,1,232.05,1,1,1,111,3,Lost
18213,236,1,232.48,2,2,1,221,5,Lost
13678,151,1,232.60,3,2,1,321,6,Other
17055,445,1,232.85,1,1,1,111,3,Lost
16302,126,1,233.22,3,2,1,321,6,Other
13129,452,2,233.25,1,2,1,121,4,Lost
15294,410,1,233.35,2,1,1,211,4,Lost
14153,483,1,233.40,1,1,1,111,3,Lost
13348,64,1,233.76,3,2,1,321,6,Other
13009,672,1,234.00,1,1,1,111,3,Lost
12736,332,1,234.00,2,1,1,211,4,Lost
17060,266,1,234.24,2,2,1,221,5,Lost
14473,74,2,234.34,3,2,1,321,6,Other
13114,730,1,234.38,1,1,1,111,3,Lost
12392,591,1,234.75,1,1,1,111,3,Lost
16046,562,1,235.78,1,1,1,111,3,Lost
17872,381,1,235.87,2,1,1,211,4,Lost
17093,592,1,235.88,1,1,1,111,3,Lost
16026,43,1,236.09,4,2,1,421,7,Other
13088,417,1,236.11,1,1,1,111,3,Lost
12732,179,1,236.26,3,2,1,321,6,Other
15457,262,1,237.07,2,2,1,221,5,Lost
14586,276,1,237.36,2,1,1,211,4,Lost
17877,170,1,237.61,3,2,1,321,6,Other
14982,572,1,237.78,1,1,1,111,3,Lost
16280,725,1,238.05,1,1,1,111,3,Lost
12718,71,1,238.25,3,2,1,321,6,Other
12561,302,1,238.85,2,1,1,211,4,Lost
13275,383,2,238.86,2,2,1,221,5,Lost
17981,410,1,239.12,1,1,1,111,3,Lost
12663,624,2,239.40,1,2,1,121,4,Lost
17684,43,1,239.41,4,2,1,421,7,Other
13789,388,1,239.46,2,1,1,211,4,Lost
13570,243,1,239.49,2,2,1,221,5,Lost
15690,4,2,239.76,5,3,1,531,9,Other
15931,428,1,239.90,1,1,1,111,3,Lost
15336,401,1,240.50,2,1,1,211,4,Lost
15286,49,1,240.55,4,2,1,421,7,Other
13674,432,1,240.68,1,1,1,111,3,Lost
16508,630,1,240.95,1,1,1,111,3,Lost
16427,263,2,241.06,2,2,1,221,5,Lost
14523,108,1,241.09,3,2,1,321,6,Other
14774,528,1,241.45,1,1,1,111,3,Lost
15776,133,1,241.62,3,2,1,321,6,Other
13582,389,2,241.68,2,2,1,221,5,Lost
13445,626,1,241.90,1,1,1,111,3,Lost
17009,551,1,242.06,1,1,1,111,3,Lost
15543,288,2,242.26,2,2,1,221,5,Lost
16215,80,1,242.35,3,2,1,321,6,Other
13886,71,1,243.56,3,2,1,321,6,Other
16793,57,1,243.84,4,2,1,421,7,Other
13676,539,2,243.90,1,2,1,121,4,Lost
17925,372,1,244.08,2,1,1,211,4,Lost
17892,56,3,244.10,4,3,1,431,8,Other
13551,319,2,244.20,2,2,1,221,5,Lost
14694,617,1,244.31,1,1,1,111,3,Lost
18002,375,4,244.37,2,3,1,231,6,"At Risk"
16528,3,1,244.41,5,1,1,511,7,Other
15884,432,2,244.60,1,2,1,121,4,Lost
15118,134,1,244.80,3,2,1,321,6,Other
12660,11,1,245.10,5,1,1,511,7,Other
14281,408,1,245.15,2,1,1,211,4,Lost
14325,569,1,245.48,1,1,1,111,3,Lost
16778,74,2,245.94,3,2,1,321,6,Other
18153,659,1,246.22,1,1,1,111,3,Lost
15783,10,1,246.30,5,1,1,511,7,Other
15495,379,1,246.50,2,1,1,211,4,Lost
15378,462,2,246.50,1,2,1,121,4,Lost
13943,577,1,246.54,1,1,1,111,3,Lost
15697,689,1,246.75,1,1,1,111,3,Lost
14654,738,1,246.86,1,1,1,111,3,Lost
14658,5,2,247.15,5,3,1,531,9,Other
13349,10,1,247.32,5,1,1,511,7,Other
18072,185,1,247.44,3,2,1,321,6,Other
15293,665,1,247.50,1,1,1,111,3,Lost
16381,395,2,247.85,2,2,1,221,5,Lost
13592,35,4,247.96,4,4,1,441,9,Loyal
13061,72,1,248.61,3,2,1,321,6,Other
12563,408,1,249.24,2,1,1,211,4,Lost
16893,366,2,249.89,2,2,1,221,5,Lost
15510,330,1,250.00,2,1,1,211,4,Lost
17303,361,1,250.04,2,1,1,211,4,Lost
15231,621,1,250.26,1,1,1,111,3,Lost
16962,409,1,251.04,2,1,1,211,4,Lost
18266,434,1,251.10,1,1,1,111,3,Lost
14166,505,2,251.15,1,2,1,121,4,Lost
14501,183,2,251.21,3,2,1,321,6,Other
16976,267,1,251.52,2,2,1,221,5,Lost
16453,530,2,251.71,1,2,1,121,4,Lost
17210,392,1,251.72,2,1,1,211,4,Lost
13645,120,1,252.10,3,2,1,321,6,Other
13404,1,2,252.49,5,3,1,531,9,Other
16074,390,1,252.50,2,1,1,211,4,Lost
15552,217,2,252.52,2,2,1,221,5,Lost
16908,722,1,252.59,1,1,1,111,3,Lost
13251,402,1,252.68,2,1,1,211,4,Lost
15035,89,1,252.73,3,2,1,321,6,Other
15019,266,1,252.81,2,2,1,221,5,Lost
17992,389,1,252.88,2,1,1,211,4,Lost
13250,460,2,253.09,1,2,1,121,4,Lost
16845,618,1,253.88,1,1,1,111,3,Lost
17626,602,1,254.00,1,1,1,111,3,Lost
14765,29,3,254.11,4,3,1,431,8,Other
12604,79,2,254.18,3,2,1,321,6,Other
12746,540,1,254.55,1,1,1,111,3,Lost
16911,635,2,255.25,1,2,1,121,4,Lost
14881,19,1,255.40,4,1,1,411,6,Other
13825,621,2,255.59,1,2,1,121,4,Lost
17385,14,1,256.11,5,1,1,511,7,Other
17896,23,1,256.32,4,1,1,411,6,Other
13806,63,1,256.38,3,2,1,321,6,Other
12430,43,1,256.40,4,2,1,421,7,Other
14274,686,1,256.60,1,1,1,111,3,Lost
14876,521,2,256.70,1,2,1,121,4,Lost
15404,375,1,257.06,2,1,1,211,4,Lost
14483,281,2,257.10,2,2,1,221,5,Lost
15852,186,3,257.26,3,3,1,331,7,Other
15503,362,2,257.30,2,2,1,221,5,Lost
16542,53,2,257.32,4,2,1,421,7,Other
15014,43,2,257.67,4,2,1,421,7,Other
13227,201,1,257.70,2,2,1,221,5,Lost
15894,253,2,258.25,2,2,1,221,5,Lost
16502,620,2,258.55,1,2,1,121,4,Lost
13683,457,1,258.60,1,1,1,111,3,Lost
14526,389,1,258.65,2,1,1,211,4,Lost
15536,409,1,259.09,2,1,1,211,4,Lost
17219,31,2,259.13,4,3,1,431,8,Other
17558,393,1,259.17,2,1,1,211,4,Lost
13127,77,1,259.17,3,2,1,321,6,Other
16733,529,1,259.68,1,1,1,111,3,Lost
17022,31,2,260.00,4,3,1,431,8,Other
17901,29,3,260.08,4,3,1,431,8,Other
13189,18,2,260.68,5,3,1,531,9,Other
12655,423,1,261.35,1,1,1,111,3,Lost
14957,253,2,261.69,2,2,1,221,5,Lost
17910,726,1,261.70,1,1,1,111,3,Lost
13331,401,1,262.40,2,1,1,211,4,Lost
17808,548,4,262.64,1,3,1,131,5,"At Risk"
12892,396,1,263.38,2,1,1,211,4,Lost
16089,386,2,263.49,2,2,1,221,5,Lost
13128,631,1,263.50,1,1,1,111,3,Lost
16334,492,1,263.73,1,1,1,111,3,Lost
13973,287,1,264.70,2,1,1,211,4,Lost
12962,7,2,266.39,5,3,1,531,9,Other
14392,432,1,266.40,1,1,1,111,3,Lost
15119,245,1,266.40,2,2,1,221,5,Lost
13837,211,2,266.59,2,2,1,221,5,Lost
14863,29,1,266.76,4,1,1,411,6,Other
17786,85,2,266.85,3,2,1,321,6,Other
15423,38,3,266.89,4,3,1,431,8,Other
15517,233,1,267.03,2,2,1,221,5,Lost
15320,44,1,267.13,4,2,1,421,7,Other
15408,264,1,267.18,2,2,1,221,5,Lost
14039,33,2,267.28,4,3,1,431,8,Other
18254,581,1,267.90,1,1,1,111,3,Lost
12751,444,1,268.27,1,1,1,111,3,Lost
17264,424,1,268.28,1,1,1,111,3,Lost
13533,182,3,269.09,3,3,1,331,7,Other
15964,663,1,269.21,1,1,1,111,3,Lost
18267,672,1,269.37,1,1,1,111,3,Lost
12558,7,1,269.96,5,1,1,511,7,Other
16757,318,2,270.48,2,2,1,221,5,Lost
14520,1,2,270.60,5,3,1,531,9,Other
18238,515,1,270.92,1,1,1,111,3,Lost
17278,241,2,271.24,2,2,1,221,5,Lost
15943,649,2,271.29,1,2,1,121,4,Lost
13058,24,3,271.40,4,3,1,431,8,Other
14436,98,2,271.70,3,2,1,321,6,Other
17292,472,2,271.75,1,2,1,121,4,Lost
14816,197,1,271.85,2,2,1,221,5,Lost
13917,49,2,272.04,4,2,1,421,7,Other
17498,75,1,272.22,3,2,1,321,6,Other
13861,429,2,273.26,1,2,1,121,4,Lost
17355,386,1,273.31,2,1,1,211,4,Lost
13307,120,3,273.34,3,3,1,331,7,Other
12789,65,3,273.35,3,3,1,331,7,Other
17072,625,1,273.35,1,1,1,111,3,Lost
16313,3,2,274.15,5,3,1,531,9,Other
13399,464,3,275.40,1,3,1,131,5,"At Risk"
12750,128,1,275.88,3,2,1,321,6,Other
13272,31,2,276.56,4,3,1,431,8,Other
13606,29,3,276.75,4,3,1,431,8,Other
15355,29,2,277.05,4,3,1,431,8,Other
15338,677,1,277.93,1,1,1,111,3,Lost
14303,407,2,277.94,2,2,1,221,5,Lost
14764,46,1,278.30,4,2,1,421,7,Other
14183,411,2,278.34,1,2,1,121,4,Lost
15556,24,1,279.77,4,1,1,411,6,Other
17247,15,1,280.09,5,1,1,511,7,Other
13581,309,2,280.53,2,2,1,221,5,Lost
14242,234,2,280.55,2,2,1,221,5,Lost
14433,465,1,280.70,1,1,1,111,3,Lost
13080,179,4,280.73,3,3,1,331,7,Other
12851,96,2,280.76,3,2,1,321,6,Other
15772,418,1,280.88,1,1,1,111,3,Lost
18042,53,2,281.15,4,2,1,421,7,Other
13679,493,3,281.26,1,3,1,131,5,"At Risk"
13326,432,1,281.76,1,1,1,111,3,Lost
16557,24,2,281.85,4,3,1,431,8,Other
12771,485,1,282.30,1,1,1,111,3,Lost
13511,676,1,282.76,1,1,1,111,3,Lost
15936,379,2,282.79,2,2,1,221,5,Lost
13909,423,2,282.85,1,2,1,121,4,Lost
13121,269,1,283.73,2,2,1,221,5,Lost
15662,661,2,283.73,1,2,1,121,4,Lost
13616,568,2,283.85,1,2,1,121,4,Lost
15354,603,3,284.40,1,3,1,131,5,"At Risk"
17359,11,2,284.46,5,3,1,531,9,Other
15445,264,2,284.50,2,2,1,221,5,Lost
16429,106,1,284.55,3,2,1,321,6,Other
12487,730,1,285.30,1,1,1,111,3,Lost
13708,271,1,285.33,2,1,1,211,4,Lost
16890,476,3,285.41,1,3,1,131,5,"At Risk"
17636,19,1,285.56,4,1,1,411,6,Other
14402,652,1,285.60,1,1,2,112,4,Lost
14660,86,2,285.74,3,2,2,322,7,Other
13508,243,2,287.05,2,2,2,222,6,Lost
17497,390,2,287.25,2,2,2,222,6,Lost
16432,64,1,287.40,3,2,2,322,7,Other
16808,99,2,288.42,3,2,2,322,7,Other
17501,220,2,288.60,2,2,2,222,6,Lost
15545,54,2,288.97,4,2,2,422,8,Other
14162,173,2,289.36,3,2,2,322,7,Other
15041,170,2,289.40,3,2,2,322,7,Other
15962,449,1,289.48,1,1,2,112,4,Lost
13796,499,1,289.70,1,1,2,112,4,Lost
16897,299,2,289.78,2,2,2,222,6,Lost
15391,584,1,289.87,1,1,2,112,4,Lost
17551,359,1,290.34,2,1,2,212,5,Lost
18182,463,1,291.13,1,1,2,112,4,Lost
16615,626,1,291.50,1,1,2,112,4,Lost
17882,379,2,291.56,2,2,2,222,6,Lost
17907,640,1,291.76,1,1,2,112,4,Lost
13449,23,1,291.88,4,1,2,412,7,Other
14985,198,2,292.01,2,2,2,222,6,Lost
13739,18,2,292.20,5,3,2,532,10,Other
16543,591,1,292.21,1,1,2,112,4,Lost
16721,262,1,292.47,2,2,2,222,6,Lost
17207,652,1,292.62,1,1,2,112,4,Lost
17441,732,1,293.35,1,1,2,112,4,Lost
16402,264,2,293.45,2,2,2,222,6,Lost
17710,423,1,293.50,1,1,2,112,4,Lost
15928,656,1,293.53,1,1,2,112,4,Lost
14192,388,1,293.74,2,1,2,212,5,Lost
15718,540,1,293.79,1,1,2,112,4,Lost
17927,721,1,294.00,1,1,2,112,4,Lost
17124,185,1,294.24,3,2,2,322,7,Other
15060,8,4,294.25,5,4,2,542,11,Loyal
17301,21,2,294.39,4,3,2,432,9,Other
17057,596,1,294.74,1,1,2,112,4,Lost
16579,425,1,295.05,1,1,2,112,4,Lost
16252,382,1,295.09,2,1,2,212,5,Lost
14614,386,1,295.13,2,1,2,212,5,Lost
14269,439,1,295.73,1,1,2,112,4,Lost
13504,64,1,295.93,3,2,2,322,7,Other
12898,463,2,296.21,1,2,2,122,5,Lost
13751,288,1,296.25,2,1,2,212,5,Lost
17627,478,1,296.36,1,1,2,112,4,Lost
14835,528,2,297.00,1,2,2,122,5,Lost
16583,373,2,297.95,2,2,2,222,6,Lost
18018,108,4,297.99,3,3,2,332,8,Other
12881,275,1,298.00,2,1,2,212,5,Lost
17824,51,1,298.40,4,2,2,422,8,Other
15609,184,1,298.48,3,2,2,322,7,Other
12595,504,1,299.02,1,1,2,112,4,Lost
13667,149,1,299.05,3,2,2,322,7,Other
17898,85,4,299.18,3,3,2,332,8,Other
13346,462,6,299.40,1,4,2,142,7,Loyal
12864,138,2,299.57,3,2,2,322,7,Other
17766,381,2,299.61,2,2,2,222,6,Lost
17991,225,3,300.30,2,3,2,232,7,"At Risk"
14797,507,1,300.31,1,1,2,112,4,Lost
17793,25,1,300.34,4,1,2,412,7,Other
17556,205,2,300.67,2,2,2,222,6,Lost
16050,173,3,300.70,3,3,2,332,8,Other
16479,10,2,300.83,5,3,2,532,10,Other
12351,375,1,300.93,2,1,2,212,5,Lost
16437,381,2,301.25,2,2,2,222,6,Lost
13625,596,1,301.26,1,1,2,112,4,Lost
15148,10,1,301.29,5,1,2,512,8,Other
15667,39,1,301.32,4,1,2,412,7,Other
13773,396,2,301.54,2,2,2,222,6,Lost
16297,268,1,301.90,2,2,2,222,6,Lost
15242,422,1,302.04,1,1,2,112,4,Lost
15054,12,2,302.10,5,3,2,532,10,Other
17506,75,1,302.20,3,2,2,322,7,Other
17339,94,3,302.36,3,3,2,332,8,Other
18165,177,1,302.46,3,2,2,322,7,Other
14043,491,2,302.60,1,2,2,122,5,Lost
16425,302,1,302.70,2,1,2,212,5,Lost
18255,89,2,303.15,3,2,2,322,7,Other
14806,75,2,303.43,3,2,2,322,7,Other
14791,606,1,303.63,1,1,2,112,4,Lost
16489,380,2,303.70,2,2,2,222,6,Lost
17383,4,2,304.09,5,3,2,532,10,Other
14990,612,2,304.17,1,2,2,122,5,Lost
17688,393,1,304.20,2,1,2,212,5,Lost
16674,54,2,304.24,4,2,2,422,8,Other
18185,249,1,304.25,2,2,2,222,6,Lost
16217,235,2,304.25,2,2,2,222,6,Lost
15163,18,2,304.47,5,3,2,532,10,Other
13383,543,1,305.28,1,1,2,112,4,Lost
15893,481,1,305.28,1,1,2,112,4,Lost
16181,73,1,305.54,3,2,2,322,7,Other
16796,89,1,305.62,3,2,2,322,7,Other
15135,239,2,305.68,2,2,2,222,6,Lost
15454,362,2,305.99,2,2,2,222,6,Lost
17077,578,1,306.00,1,1,2,112,4,Lost
16524,446,2,306.19,1,2,2,122,5,Lost
18059,23,3,306.46,4,3,2,432,9,Other
13718,246,2,306.55,2,2,2,222,6,Lost
16649,520,1,306.58,1,1,2,112,4,Lost
13660,400,1,306.64,2,1,2,212,5,Lost
15087,281,1,306.94,2,1,2,212,5,Lost
13142,19,1,307.09,4,1,2,412,7,Other
13036,684,1,307.10,1,1,2,112,4,Lost
17721,659,1,307.21,1,1,2,112,4,Lost
14783,659,1,307.30,1,1,2,112,4,Lost
15374,128,2,307.32,3,2,2,322,7,Other
13932,294,1,307.40,2,1,2,212,5,Lost
17120,233,1,307.46,2,2,2,222,6,Lost
13060,253,1,307.53,2,2,2,222,6,Lost
14777,403,1,307.56,2,1,2,212,5,Lost
13529,78,2,307.76,3,2,2,322,7,Other
16123,51,1,307.78,4,2,2,422,8,Other
13289,723,1,307.95,1,1,2,112,4,Lost
15778,431,1,307.95,1,1,2,112,4,Lost
15302,730,1,308.00,1,1,2,112,4,Lost
14927,396,1,308.20,2,1,2,212,5,Lost
13369,365,1,308.28,2,1,2,212,5,Lost
14181,410,2,308.35,1,2,2,122,5,Lost
16194,375,1,308.60,2,1,2,212,5,Lost
16956,17,1,308.74,5,1,2,512,8,Other
15010,35,1,308.94,4,1,2,412,7,Other
12884,88,1,309.05,3,2,2,322,7,Other
16373,382,2,309.49,2,2,2,222,6,Lost
15699,17,1,309.65,5,1,2,512,8,Other
17181,57,3,309.85,4,3,2,432,9,Other
13628,676,1,310.14,1,1,2,112,4,Lost
14749,479,1,310.15,1,1,2,112,4,Lost
13315,689,1,310.26,1,1,2,112,4,Lost
15188,725,1,310.43,1,1,2,112,4,Lost
15308,274,1,310.47,2,1,2,212,5,Lost
14848,404,1,310.56,2,1,2,212,5,Lost
15185,70,1,310.62,3,2,2,322,7,Other
16439,722,1,310.70,1,1,2,112,4,Lost
13847,719,1,310.72,1,1,2,112,4,Lost
13400,582,1,310.83,1,1,2,112,4,Lost
16328,563,1,310.83,1,1,2,112,4,Lost
15724,201,3,310.85,2,3,2,232,7,"At Risk"
13990,213,1,311.30,2,2,2,222,6,Lost
12852,294,1,311.55,2,1,2,212,5,Lost
14951,79,1,311.69,3,2,2,322,7,Other
14094,439,1,311.77,1,1,2,112,4,Lost
17326,408,2,312.35,2,2,2,222,6,Lost
12834,282,1,312.38,2,1,2,212,5,Lost
13226,273,2,312.46,2,2,2,222,6,Lost
15318,3,1,312.62,5,1,2,512,8,Other
13905,732,1,312.65,1,1,2,112,4,Lost
15162,731,1,312.90,1,1,2,112,4,Lost
13845,64,1,312.98,3,2,2,322,7,Other
12665,324,3,313.60,2,3,2,232,7,"At Risk"
16582,113,1,313.62,3,2,2,322,7,Other
13087,726,1,313.64,1,1,2,112,4,Lost
15196,432,2,313.70,1,2,2,122,5,Lost
15873,499,4,313.92,1,3,2,132,6,"At Risk"
18070,669,1,314.10,1,1,2,112,4,Lost
12650,3,1,314.44,5,1,2,512,8,Other
18206,553,1,314.66,1,1,2,112,4,Lost
14991,430,1,314.67,1,1,2,112,4,Lost
17121,402,1,314.74,2,1,2,212,5,Lost
16091,154,2,315.06,3,2,2,322,7,Other
15042,199,2,315.45,2,2,2,222,6,Lost
12614,277,1,315.60,2,1,2,212,5,Lost
18117,25,1,315.65,4,1,2,412,7,Other
17408,163,3,316.09,3,3,2,332,8,Other
13494,311,1,316.26,2,1,2,212,5,Lost
12529,528,1,316.48,1,1,2,112,4,Lost
15204,357,1,316.58,2,1,2,212,5,Lost
16761,96,1,316.62,3,2,2,322,7,Other
17689,388,2,317.08,2,2,2,222,6,Lost
15616,438,1,317.11,1,1,2,112,4,Lost
17267,127,2,317.20,3,2,2,322,7,Other
18253,642,1,317.88,1,1,2,112,4,Lost
17839,42,1,318.15,4,2,2,422,8,Other
14703,14,1,318.17,5,1,2,512,8,Other
15682,599,2,318.24,1,2,2,122,5,Lost
16273,648,2,318.34,1,2,2,122,5,Lost
17229,96,2,318.76,3,2,2,322,7,Other
16967,189,1,319.02,2,2,2,222,6,Lost
16436,668,3,319.14,1,3,2,132,6,"At Risk"
13843,381,1,319.75,2,1,2,212,5,Lost
13942,534,1,320.00,1,1,2,112,4,Lost
16683,533,1,320.25,1,1,2,112,4,Lost
17309,95,3,320.39,3,3,2,332,8,Other
17843,303,2,320.40,2,2,2,222,6,Lost
13986,17,1,320.46,5,1,2,512,8,Other
14622,184,1,320.58,3,2,2,322,7,Other
15432,23,2,320.76,4,3,2,432,9,Other
15236,298,1,321.05,2,1,2,212,5,Lost
15869,277,3,321.11,2,3,2,232,7,"At Risk"
17182,422,2,321.30,1,2,2,122,5,Lost
14823,180,3,321.43,3,3,2,332,8,Other
15770,612,1,321.45,1,1,2,112,4,Lost
14070,684,1,321.60,1,1,2,112,4,Lost
17471,474,1,321.65,1,1,2,112,4,Lost
17976,372,1,321.79,2,1,2,212,5,Lost
13111,718,1,321.88,1,1,2,112,4,Lost
18090,421,1,321.90,1,1,2,112,4,Lost
15726,390,1,321.91,2,1,2,212,5,Lost
14424,17,1,322.08,5,1,2,512,8,Other
16342,75,4,322.41,3,3,2,332,8,Other
14832,630,1,322.69,1,1,2,112,4,Lost
16627,79,1,322.80,3,2,2,322,7,Other
14263,423,1,322.93,1,1,2,112,4,Lost
16195,723,1,323.25,1,1,2,112,4,Lost
13025,731,1,323.39,1,1,2,112,4,Lost
17440,156,4,323.58,3,3,2,332,8,Other
13834,576,2,324.19,1,2,2,122,5,Lost
16685,61,2,324.24,3,2,2,322,7,Other
18261,43,2,324.24,4,2,2,422,8,Other
12946,436,1,324.45,1,1,2,112,4,Lost
15982,605,1,324.51,1,1,2,112,4,Lost
13801,66,1,324.80,3,2,2,322,7,Other
15670,296,2,325.20,2,2,2,222,6,Lost
13661,603,1,325.24,1,1,2,112,4,Lost
12804,465,2,325.37,1,2,2,122,5,Lost
17439,655,1,325.74,1,1,2,112,4,Lost
18047,381,2,326.09,2,2,2,222,6,Lost
13646,399,2,326.25,2,2,2,222,6,Lost
12460,456,1,326.65,1,1,2,112,4,Lost
16322,1,2,326.75,5,3,2,532,10,Other
13498,730,1,327.38,1,1,2,112,4,Lost
15735,421,1,327.68,1,1,2,112,4,Lost
17196,427,1,327.75,1,1,2,112,4,Lost
15709,283,2,327.85,2,2,2,222,6,Lost
16318,35,1,328.15,4,1,2,412,7,Other
14747,249,1,328.20,2,2,2,222,6,Lost
15213,318,2,328.35,2,2,2,222,6,Lost
16855,23,2,328.40,4,3,2,432,9,Other
14012,277,1,328.80,2,1,2,212,5,Lost
16286,477,2,328.95,1,2,2,122,5,Lost
15880,369,1,329.03,2,1,2,212,5,Lost
15979,602,1,329.22,1,1,2,112,4,Lost
15153,31,1,329.25,4,1,2,412,7,Other
17154,75,1,329.34,3,2,2,322,7,Other
17914,3,1,329.36,5,1,2,512,8,Other
17518,425,2,329.42,1,2,2,122,5,Lost
18186,722,1,329.58,1,1,2,112,4,Lost
12850,445,1,330.00,1,1,2,112,4,Lost
15130,169,1,330.11,3,2,2,322,7,Other
13010,374,2,330.12,2,2,2,222,6,Lost
12807,383,1,330.35,2,1,2,212,5,Lost
14517,33,2,330.45,4,3,2,432,9,Other
17776,386,2,330.56,2,2,2,222,6,Lost
15878,561,2,330.77,1,2,2,122,5,Lost
16478,25,3,331.00,4,3,2,432,9,Other
13981,415,1,331.14,1,1,2,112,4,Lost
16030,309,1,331.24,2,1,2,212,5,Lost
17435,411,1,331.35,1,1,2,112,4,Lost
15512,155,4,331.58,3,3,2,332,8,Other
17647,65,3,331.66,3,3,2,332,8,Other
16452,630,2,332.17,1,2,2,122,5,Lost
16803,65,1,332.30,3,2,2,322,7,Other
16850,333,1,332.41,2,1,2,212,5,Lost
13904,37,2,332.64,4,3,2,432,9,Other
14137,695,1,332.70,1,1,2,112,4,Lost
16006,211,2,332.82,2,2,2,222,6,Lost
16234,476,3,333.18,1,3,2,132,6,"At Risk"
14241,183,2,333.70,3,2,2,322,7,Other
13216,267,1,333.74,2,2,2,222,6,Lost
17607,376,1,333.81,2,1,2,212,5,Lost
12350,310,1,334.40,2,1,2,212,5,Lost
17821,406,1,334.62,2,1,2,212,5,Lost
12489,336,1,334.93,2,1,2,212,5,Lost
17917,45,3,335.03,4,3,2,432,9,Other
16063,260,1,335.32,2,2,2,222,6,Lost
14196,106,1,335.52,3,2,2,322,7,Other
13482,232,2,336.09,2,2,2,222,6,Lost
15619,10,1,336.40,5,1,2,512,8,Other
17488,641,1,336.50,1,1,2,112,4,Lost
17973,51,1,337.04,4,2,2,422,8,Other
13930,57,2,337.34,4,2,2,422,8,Other
12780,598,1,337.40,1,1,2,112,4,Lost
15942,133,1,337.44,3,2,2,322,7,Other
12869,681,1,337.67,1,1,2,112,4,Lost
17296,730,1,338.13,1,1,2,112,4,Lost
14799,51,2,338.15,4,2,2,422,8,Other
17833,723,1,338.46,1,1,2,112,4,Lost
14630,484,1,338.65,1,1,2,112,4,Lost
17697,236,1,338.95,2,2,2,222,6,Lost
14203,397,1,339.34,2,1,2,212,5,Lost
13737,200,1,339.60,2,2,2,222,6,Lost
12698,590,1,339.75,1,1,2,112,4,Lost
12900,422,1,340.33,1,1,2,112,4,Lost
15818,588,1,340.50,1,1,2,112,4,Lost
16044,435,1,340.84,1,1,2,112,4,Lost
17542,269,3,340.85,2,3,2,232,7,"At Risk"
14491,175,2,340.93,3,2,2,322,7,Other
16259,410,3,340.94,2,3,2,232,7,"At Risk"
17928,45,3,341.24,4,3,2,432,9,Other
13187,337,4,341.36,2,3,2,232,7,"At Risk"
13347,70,1,341.36,3,2,2,322,7,Other
16585,593,2,341.59,1,2,2,122,5,Lost
16826,51,1,341.70,4,2,2,422,8,Other
14724,590,1,341.90,1,1,2,112,4,Lost
17660,141,2,342.22,3,2,2,322,7,Other
17835,2,3,342.24,5,3,2,532,10,Other
14989,661,1,342.40,1,1,2,112,4,Lost
16851,4,3,342.45,5,3,2,532,10,Other
13550,383,1,342.55,2,1,2,212,5,Lost
17795,179,2,342.83,3,2,2,322,7,Other
13519,78,2,343.21,3,2,2,322,7,Other
12715,106,1,343.36,3,2,2,322,7,Other
18081,36,3,343.45,4,3,2,432,9,Other
15520,1,1,343.50,5,1,2,512,8,Other
15047,269,1,343.62,2,2,2,222,6,Lost
16990,218,2,344.00,2,2,2,222,6,Lost
13068,10,2,344.00,5,3,2,532,10,Other
17569,332,1,344.14,2,1,2,212,5,Lost
15519,383,2,344.61,2,2,2,222,6,Lost
18199,683,1,344.75,1,1,2,112,4,Lost
14633,266,1,344.90,2,2,2,222,6,Lost
13774,81,1,345.00,3,2,2,322,7,Other
15781,25,3,345.46,4,3,2,432,9,Other
16423,24,1,346.12,4,1,2,412,7,Other
13234,672,2,346.50,1,2,2,122,5,Lost
17780,667,3,346.56,1,3,2,132,6,"At Risk"
12411,409,1,346.90,2,1,2,212,5,Lost
13062,191,1,346.98,2,2,2,222,6,Lost
15085,729,1,347.54,1,1,2,112,4,Lost
17668,1,2,347.75,5,3,2,532,10,Other
12760,455,1,347.80,1,1,2,112,4,Lost
16263,423,1,348.16,1,1,2,112,4,Lost
15282,570,1,348.59,1,1,2,112,4,Lost
17577,645,2,348.75,1,2,2,122,5,Lost
13790,4,1,348.80,5,1,2,512,8,Other
17252,116,2,348.91,3,2,2,322,7,Other
14545,674,1,349.25,1,1,2,112,4,Lost
18250,310,1,349.27,2,1,2,212,5,Lost
13887,204,1,349.55,2,2,2,222,6,Lost
13670,75,1,349.70,3,2,2,322,7,Other
12532,30,1,349.83,4,1,2,412,7,Other
16476,431,1,350.35,1,1,2,112,4,Lost
15334,156,3,350.82,3,3,2,332,8,Other
13281,439,1,350.85,1,1,2,112,4,Lost
13332,14,1,350.90,5,1,2,512,8,Other
14252,381,1,350.99,2,1,2,212,5,Lost
13923,53,1,351.13,4,2,2,422,8,Other
16192,735,1,351.30,1,1,2,112,4,Lost
12566,86,1,351.65,3,2,2,322,7,Other
16274,373,1,351.75,2,1,2,212,5,Lost
16857,442,1,352.80,1,1,2,112,4,Lost
13765,653,1,352.82,1,1,2,112,4,Lost
12617,29,1,352.98,4,1,2,412,7,Other
16690,72,4,353.03,3,3,2,332,8,Other
16382,408,2,353.10,2,2,2,222,6,Lost
14804,8,1,353.27,5,1,2,512,8,Other
13343,177,1,353.43,3,2,2,322,7,Other
13210,93,1,353.48,3,2,2,322,7,Other
18003,376,1,353.51,2,1,2,212,5,Lost
16323,196,2,353.66,2,2,2,222,6,Lost
12845,267,4,354.09,2,3,2,232,7,"At Risk"
12888,214,2,354.12,2,2,2,222,6,Lost
15986,30,2,354.42,4,3,2,432,9,Other
14268,470,1,354.85,1,1,2,112,4,Lost
15863,25,5,355.10,4,4,2,442,10,Loyal
16920,411,1,355.45,1,1,2,112,4,Lost
12996,375,1,355.50,2,1,2,212,5,Lost
15840,58,2,355.56,4,2,2,422,8,Other
17200,387,4,356.71,2,3,2,232,7,"At Risk"
14500,88,3,356.85,3,3,2,332,8,Other
18273,2,4,357.00,5,4,2,542,11,Loyal
18040,19,2,357.20,4,3,2,432,9,Other
16971,38,1,357.21,4,1,2,412,7,Other
12495,640,1,357.40,1,1,2,112,4,Lost
15595,487,1,357.60,1,1,2,112,4,Lost
16606,404,2,357.66,2,2,2,222,6,Lost
13228,81,1,358.00,3,2,2,322,7,Other
17748,527,1,358.15,1,1,2,112,4,Lost
16856,14,3,358.49,5,3,2,532,10,Other
17948,147,1,358.56,3,2,2,322,7,Other
15120,133,1,358.82,3,2,2,322,7,Other
14919,539,1,359.35,1,1,2,112,4,Lost
14926,381,2,359.40,2,2,2,222,6,Lost
13181,381,1,359.69,2,1,2,212,5,Lost
13298,1,1,360.00,5,1,2,512,8,Other
15008,480,2,360.00,1,2,2,122,5,Lost
18208,565,1,360.08,1,1,2,112,4,Lost
17945,696,3,360.35,1,3,2,132,6,"At Risk"
17012,725,1,360.61,1,1,2,112,4,Lost
17772,10,3,360.75,5,3,2,532,10,Other
18091,593,1,360.85,1,1,2,112,4,Lost
13274,409,1,360.85,2,1,2,212,5,Lost
16448,198,2,361.12,2,2,2,222,6,Lost
16305,138,1,361.22,3,2,2,322,7,Other
13844,11,1,361.62,5,1,2,512,8,Other
16052,54,1,362.06,4,2,2,422,8,Other
14122,406,3,362.42,2,3,2,232,7,"At Risk"
14840,267,2,362.71,2,2,2,222,6,Lost
13962,21,3,362.80,4,3,2,432,9,Other
16378,247,3,362.95,2,3,2,232,7,"At Risk"
16078,283,2,362.99,2,2,2,222,6,Lost
14594,7,2,363.33,5,3,2,532,10,Other
14253,493,2,363.40,1,2,2,122,5,Lost
16509,296,1,363.70,2,1,2,212,5,Lost
14528,37,1,364.22,4,1,2,412,7,Other
15915,401,1,364.45,2,1,2,212,5,Lost
15343,87,1,364.50,3,2,2,322,7,Other
15949,16,2,364.72,5,3,2,532,10,Other
14886,252,1,364.80,2,2,2,222,6,Lost
17536,177,3,364.83,3,3,2,332,8,Other
13545,390,2,364.93,2,2,2,222,6,Lost
15029,619,1,365.10,1,1,2,112,4,Lost
16974,522,2,365.50,1,2,2,122,5,Lost
17911,9,1,366.23,5,1,2,512,8,Other
12899,413,1,366.40,1,1,2,112,4,Lost
14244,660,1,366.42,1,1,2,112,4,Lost
14962,270,4,366.91,2,3,2,232,7,"At Risk"
14018,645,1,367.15,1,1,2,112,4,Lost
14706,618,1,367.54,1,1,2,112,4,Lost
15989,375,2,368.31,2,2,2,222,6,Lost
17792,467,2,368.35,1,2,2,122,5,Lost
15477,649,1,368.40,1,1,2,112,4,Lost
14172,605,3,369.02,1,3,2,132,6,"At Risk"
14888,207,1,369.20,2,2,2,222,6,Lost
16758,65,1,369.34,3,2,2,322,7,Other
15922,373,1,369.50,2,1,2,212,5,Lost
17437,529,1,369.68,1,1,2,112,4,Lost
15458,25,2,370.44,4,3,2,432,9,Other
14168,420,2,370.45,1,2,2,122,5,Lost
15765,666,1,370.63,1,1,2,112,4,Lost
15063,213,1,370.80,2,2,2,222,6,Lost
15975,84,1,371.01,3,2,2,322,7,Other
14950,19,1,371.20,4,1,2,412,7,Other
18162,732,1,371.51,1,1,2,112,4,Lost
15472,113,1,371.56,3,2,2,322,7,Other
18155,75,3,371.62,3,3,2,332,8,Other
17245,204,2,371.63,2,2,2,222,6,Lost
13164,569,2,372.20,1,2,2,122,5,Lost
12981,29,2,372.22,4,3,2,432,9,Other
12544,36,1,372.70,4,1,2,412,7,Other
12895,42,2,372.80,4,2,2,422,8,Other
14981,246,2,372.92,2,2,2,222,6,Lost
13197,609,1,373.01,1,1,2,112,4,Lost
15337,411,1,373.02,1,1,2,112,4,Lost
17810,668,2,373.16,1,2,2,122,5,Lost
13283,59,4,373.36,3,4,2,342,9,Loyal
13351,66,1,373.94,3,2,2,322,7,Other
14736,485,2,374.05,1,2,2,122,5,Lost
17568,633,1,374.45,1,1,2,112,4,Lost
17912,310,6,374.55,2,4,2,242,8,Loyal
14067,63,2,374.70,3,2,2,322,7,Other
14294,407,1,375.34,2,1,2,212,5,Lost
14448,9,2,375.35,5,3,2,532,10,Other
13688,635,1,375.50,1,1,2,112,4,Lost
14531,479,1,376.34,1,1,2,112,4,Lost
13997,519,3,376.46,1,3,2,132,6,"At Risk"
14353,215,3,376.50,2,3,2,232,7,"At Risk"
17489,58,2,376.64,4,2,2,422,8,Other
16544,519,4,376.70,1,3,2,132,6,"At Risk"
17717,421,1,376.92,1,1,2,112,4,Lost
17783,72,3,376.96,3,3,2,332,8,Other
17736,9,3,377.44,5,3,2,532,10,Other
12941,724,1,377.49,1,1,2,112,4,Lost
12651,334,4,377.75,2,3,2,232,7,"At Risk"
17078,36,2,378.20,4,3,2,432,9,Other
13372,89,1,378.64,3,2,2,322,7,Other
16930,26,3,378.89,4,3,2,432,9,Other
16909,72,1,379.14,3,2,2,322,7,Other
14200,617,1,379.20,1,1,2,112,4,Lost
16552,242,2,379.73,2,2,2,222,6,Lost
16577,666,1,380.00,1,1,2,112,4,Lost
14731,47,3,380.02,4,3,2,432,9,Other
17936,5,1,380.13,5,1,2,512,8,Other
17573,29,3,380.60,4,3,2,432,9,Other
12796,628,1,381.00,1,1,2,112,4,Lost
15048,65,4,381.00,3,3,2,332,8,Other
17903,394,1,381.09,2,1,2,212,5,Lost
17393,410,2,381.15,1,2,2,122,5,Lost
15090,308,1,381.32,2,1,2,212,5,Lost
16304,694,1,381.66,1,1,2,112,4,Lost
14908,74,2,381.90,3,2,2,322,7,Other
17250,3,2,381.97,5,3,2,532,10,Other
17753,464,4,382.06,1,3,2,132,6,"At Risk"
13657,10,2,382.14,5,3,2,532,10,Other
16988,5,2,382.67,5,3,2,532,10,Other
14767,474,1,382.81,1,1,2,112,4,Lost
17403,36,2,382.87,4,3,2,432,9,Other
13817,29,2,382.98,4,3,2,432,9,Other
12832,32,2,383.03,4,3,2,432,9,Other
12547,197,3,383.58,2,3,2,232,7,"At Risk"
15440,54,3,383.68,4,3,2,432,9,Other
12515,353,1,383.70,2,1,2,212,5,Lost
17804,376,3,383.78,2,3,2,232,7,"At Risk"
13792,66,3,383.95,3,3,2,332,8,Other
15155,383,1,383.97,2,1,2,212,5,Lost
14598,44,2,384.04,4,2,2,422,8,Other
16982,60,1,384.06,3,2,2,322,7,Other
13966,435,1,384.26,1,1,2,112,4,Lost
17357,24,2,384.39,4,3,2,432,9,Other
16433,28,2,384.52,4,3,2,432,9,Other
16868,394,3,384.56,2,3,2,232,7,"At Risk"
17171,289,2,384.59,2,2,2,222,6,Lost
17711,10,2,385.10,5,3,2,532,10,Other
17617,558,1,385.19,1,1,2,112,4,Lost
14826,581,2,385.20,1,2,2,122,5,Lost
12829,336,3,385.30,2,3,2,232,7,"At Risk"
12889,381,4,385.46,2,3,2,232,7,"At Risk"
12973,413,1,385.55,1,1,2,112,4,Lost
16492,540,1,385.56,1,1,2,112,4,Lost
13584,306,3,385.70,2,3,2,232,7,"At Risk"
14779,280,3,386.15,2,3,2,232,7,"At Risk"
17614,57,1,386.32,4,2,2,422,8,Other
16148,296,2,386.62,2,2,2,222,6,Lost
17595,12,2,386.69,5,3,2,532,10,Other
17771,56,4,387.41,4,4,2,442,10,Loyal
13673,18,2,387.44,5,3,2,532,10,Other
13899,16,2,388.52,5,3,2,532,10,Other
13896,625,1,388.55,1,1,2,112,4,Lost
15592,46,1,388.58,4,2,2,422,8,Other
18227,217,2,388.75,2,2,2,222,6,Lost
12690,205,1,389.01,2,2,2,222,6,Lost
17286,21,3,389.18,4,3,2,432,9,Other
17479,632,1,389.26,1,1,2,112,4,Lost
13345,287,1,389.50,2,1,2,212,5,Lost
14752,43,1,389.64,4,2,2,422,8,Other
17379,11,1,389.72,5,1,2,512,8,Other
17116,648,1,389.78,1,1,2,112,4,Lost
18024,152,2,389.78,3,2,2,322,7,Other
14197,410,1,390.05,1,1,2,112,4,Lost
14072,666,1,390.85,1,1,2,112,4,Lost
16783,436,1,391.95,1,1,2,112,4,Lost
16827,393,5,392.13,2,4,2,242,8,Loyal
18110,19,2,392.28,4,3,2,432,9,Other
17563,578,2,392.38,1,2,2,122,5,Lost
15437,262,2,393.45,2,2,2,222,6,Lost
15345,45,1,393.54,4,2,2,422,8,Other
17300,390,2,393.64,2,2,2,222,6,Lost
12499,560,1,393.72,1,1,2,112,4,Lost
15386,186,1,394.14,3,2,2,322,7,Other
16207,25,1,394.38,4,1,2,412,7,Other
18048,203,3,394.93,2,3,2,232,7,"At Risk"
16538,541,3,395.07,1,3,2,132,6,"At Risk"
12677,555,2,395.10,1,2,2,122,5,Lost
13083,4,3,395.43,5,3,2,532,10,Other
13879,645,1,395.50,1,1,2,112,4,Lost
15577,151,5,396.03,3,4,2,342,9,Loyal
18067,40,1,396.33,4,2,2,422,8,Other
17918,500,3,396.39,1,3,2,132,6,"At Risk"
15883,2,2,396.48,5,3,2,532,10,Other
13597,400,2,396.71,2,2,2,222,6,Lost
17486,261,1,396.87,2,2,2,222,6,Lost
12824,59,1,397.12,3,2,2,322,7,Other
17789,281,2,397.15,2,2,2,222,6,Lost
15429,26,2,397.35,4,3,2,432,9,Other
15280,172,3,397.52,3,3,2,332,8,Other
15037,376,2,397.76,2,2,2,222,6,Lost
12508,26,2,397.88,4,3,2,432,9,Other
13352,60,1,397.98,3,2,2,322,7,Other
15522,32,2,397.99,4,3,2,432,9,Other
17830,1,3,398.70,5,3,2,532,10,Other
17052,28,1,399.09,4,1,2,412,7,Other
18128,537,1,399.29,1,1,2,112,4,Lost
13252,394,2,399.30,2,2,2,222,6,Lost
18164,37,1,399.65,4,1,2,412,7,Other
15446,376,3,399.75,2,3,2,232,7,"At Risk"
15501,404,2,399.95,2,2,2,222,6,Lost
14358,389,2,400.06,2,2,2,222,6,Lost
17168,498,1,400.20,1,1,2,112,4,Lost
14471,591,2,400.95,1,2,2,122,5,Lost
14494,25,3,401.46,4,3,2,432,9,Other
12386,337,2,401.90,2,2,2,222,6,Lost
16998,149,5,402.00,3,4,2,342,9,Loyal
17094,322,2,402.20,2,2,2,222,6,Lost
15504,81,4,402.70,3,3,2,332,8,Other
16315,330,2,402.71,2,2,2,222,6,Lost
13530,634,1,402.98,1,1,2,112,4,Lost
17431,313,1,403.30,2,1,2,212,5,Lost
17785,53,3,403.38,4,3,2,432,9,Other
14678,579,1,403.39,1,1,2,112,4,Lost
12498,21,3,403.70,4,3,2,432,9,Other
16484,173,2,404.30,3,2,2,322,7,Other
16319,217,1,404.40,2,2,2,222,6,Lost
13574,411,1,404.45,1,1,2,112,4,Lost
15968,388,1,404.55,2,1,2,212,5,Lost
15941,637,1,405.00,1,1,2,112,4,Lost
13640,611,1,405.00,1,1,2,112,4,Lost
13143,584,1,405.10,1,1,2,112,4,Lost
12922,161,1,405.38,3,2,2,322,7,Other
18111,589,1,405.85,1,1,2,112,4,Lost
16815,453,2,406.02,1,2,2,122,5,Lost
12741,529,2,406.07,1,2,2,122,5,Lost
15342,129,1,406.09,3,2,2,322,7,Other
17000,396,2,406.30,2,2,2,222,6,Lost
16632,485,2,406.40,1,2,2,122,5,Lost
12353,204,2,406.76,2,2,2,222,6,Lost
17285,628,2,407.94,1,2,2,122,5,Lost
16324,128,3,408.59,3,3,2,332,8,Other
16629,73,2,408.63,3,2,2,322,7,Other
12974,197,2,408.95,2,2,2,222,6,Lost
13686,182,3,409.04,3,3,2,332,8,Other
16243,33,2,409.10,4,3,2,432,9,Other
16921,61,3,409.21,3,3,2,332,8,Other
16864,434,2,409.25,1,2,2,122,5,Lost
15225,234,1,409.40,2,2,2,222,6,Lost
14348,260,1,409.57,2,2,2,222,6,Lost
14581,16,2,409.65,5,3,2,532,10,Other
13827,57,3,409.80,4,3,2,432,9,Other
17598,381,1,409.98,2,1,2,212,5,Lost
15099,84,1,410.48,3,2,2,322,7,Other
18011,373,2,410.79,2,2,2,222,6,Lost
15960,374,4,410.95,2,3,2,232,7,"At Risk"
16272,116,1,411.70,3,2,2,322,7,Other
18050,359,2,412.06,2,2,2,222,6,Lost
16932,53,3,412.55,4,3,2,432,9,Other
14620,205,2,412.78,2,2,2,222,6,Lost
17662,661,2,412.92,1,2,2,122,5,Lost
17767,15,2,413.05,5,3,2,532,10,Other
17601,239,2,413.08,2,2,2,222,6,Lost
14082,364,2,413.36,2,2,2,222,6,Lost
13669,50,3,413.55,4,3,2,432,9,Other
13002,318,3,414.13,2,3,2,232,7,"At Risk"
18278,73,2,414.20,3,2,2,322,7,Other
13565,19,3,414.80,4,3,2,432,9,Other
14333,67,1,415.20,3,2,2,322,7,Other
15725,15,1,415.25,5,1,2,512,8,Other
12608,404,1,415.79,2,1,2,212,5,Lost
12930,78,2,415.80,3,2,2,322,7,Other
16356,197,6,415.87,2,4,2,242,8,Loyal
16355,375,1,416.35,2,1,2,212,5,Lost
15011,395,2,416.60,2,2,2,222,6,Lost
16957,239,2,416.64,2,2,2,222,6,Lost
15935,239,2,416.86,2,2,2,222,6,Lost
16816,103,4,417.06,3,3,2,332,8,Other
17258,396,2,417.30,2,2,2,222,6,Lost
12833,145,1,417.38,3,2,2,322,7,Other
14762,263,2,417.57,2,2,2,222,6,Lost
16832,184,5,417.61,3,4,2,342,9,Loyal
17232,2,2,417.77,5,3,2,532,10,Other
17701,252,1,417.95,2,2,2,222,6,Lost
13073,411,2,418.08,1,2,2,122,5,Lost
12593,108,3,418.10,3,3,2,332,8,Other
15262,323,3,418.82,2,3,2,232,7,"At Risk"
13079,4,6,419.18,5,4,2,542,11,Loyal
14124,84,1,419.58,3,2,2,322,7,Other
13096,394,1,419.70,2,1,2,212,5,Lost
13442,667,3,419.87,1,3,2,132,6,"At Risk"
13672,301,3,419.92,2,3,2,232,7,"At Risk"
14575,488,1,420.22,1,1,2,112,4,Lost
15711,556,2,420.25,1,2,2,122,5,Lost
15206,10,4,420.30,5,4,2,542,11,Loyal
14757,75,1,420.50,3,2,2,322,7,Other
16773,57,3,421.24,4,3,2,432,9,Other
13807,367,3,422.20,2,3,2,232,7,"At Risk"
16149,4,3,422.22,5,3,2,532,10,Other
18240,46,1,422.58,4,2,2,422,8,Other
16689,75,2,422.60,3,2,2,322,7,Other
16137,680,1,422.70,1,1,2,112,4,Lost
13374,414,2,422.80,1,2,2,122,5,Lost
14097,481,2,422.86,1,2,2,122,5,Lost
17330,22,4,423.80,4,4,2,442,10,Loyal
16913,290,3,423.91,2,3,2,232,7,"At Risk"
16541,735,1,424.03,1,1,2,112,4,Lost
17103,722,1,424.30,1,1,2,112,4,Lost
13703,318,2,425.56,2,2,2,222,6,Lost
14877,418,2,425.85,1,2,2,122,5,Lost
15217,563,1,426.24,1,1,2,112,4,Lost
15966,450,1,426.53,1,1,2,112,4,Lost
14288,213,1,426.60,2,2,2,222,6,Lost
15930,67,1,426.63,3,2,2,322,7,Other
18152,646,1,426.69,1,1,2,112,4,Lost
17740,389,6,426.90,2,4,2,242,8,Loyal
18285,660,1,427.00,1,1,2,112,4,Lost
12740,63,1,427.60,3,2,2,322,7,Other
15360,39,1,427.93,4,1,2,412,7,Other
18089,446,1,428.45,1,1,2,112,4,Lost
15553,60,1,428.93,3,2,2,322,7,Other
15888,80,3,429.16,3,3,2,332,8,Other
13413,639,6,429.44,1,4,2,142,7,Loyal
15036,72,3,429.56,3,3,2,332,8,Other
15230,239,2,429.60,2,2,2,222,6,Lost
14979,735,1,429.66,1,1,2,112,4,Lost
15461,460,2,429.70,1,2,2,122,5,Lost
15450,30,1,429.84,4,1,2,412,7,Other
12827,5,3,430.15,5,3,2,532,10,Other
12795,18,1,430.48,5,1,2,512,8,Other
12452,16,2,430.57,5,3,2,532,10,Other
17842,602,1,430.69,1,1,2,112,4,Lost
15488,92,5,431.92,3,4,2,342,9,Loyal
14042,725,1,431.98,1,1,2,112,4,Lost
16881,66,1,432.00,3,2,2,322,7,Other
16236,78,1,432.20,3,2,2,322,7,Other
16604,562,2,432.45,1,2,2,122,5,Lost
17687,420,1,432.68,1,1,2,112,4,Lost
17178,731,1,432.96,1,1,2,112,4,Lost
16522,435,2,433.36,1,2,2,122,5,Lost
15613,610,1,433.72,1,1,2,112,4,Lost
12493,165,2,433.74,3,2,2,322,7,Other
18029,642,1,433.77,1,1,2,112,4,Lost
16939,488,3,433.85,1,3,2,132,6,"At Risk"
14093,12,1,433.86,5,1,2,512,8,Other
16888,400,3,434.20,2,3,2,232,7,"At Risk"
14238,326,3,434.23,2,3,2,232,7,"At Risk"
14910,2,4,434.35,5,4,2,542,11,Loyal
15323,562,3,434.60,1,3,2,132,6,"At Risk"
13738,396,1,434.78,2,1,2,212,5,Lost
12445,22,2,434.98,4,3,2,432,9,Other
16166,428,2,435.83,1,2,2,122,5,Lost
14123,733,1,436.18,1,1,2,112,4,Lost
16084,299,1,436.18,2,1,2,212,5,Lost
12672,329,2,437.05,2,2,2,222,6,Lost
14846,427,1,437.40,1,1,2,112,4,Lost
17070,114,2,437.42,3,2,2,322,7,Other
12552,38,2,437.82,4,3,2,432,9,Other
17807,395,3,437.87,2,3,2,232,7,"At Risk"
15859,432,1,438.46,1,1,2,112,4,Lost
17729,596,1,438.65,1,1,2,112,4,Lost
13964,387,2,438.90,2,2,2,222,6,Lost
13358,268,1,439.03,2,2,2,222,6,Lost
16519,25,4,439.06,4,4,2,442,10,Loyal
13432,571,2,439.10,1,2,2,122,5,Lost
17718,232,2,439.18,2,2,2,222,6,Lost
13086,382,1,439.33,2,1,2,212,5,Lost
16968,4,2,439.43,5,3,2,532,10,Other
16025,29,1,439.66,4,1,2,412,7,Other
17643,373,2,439.70,2,2,2,222,6,Lost
13954,1,2,439.92,5,3,2,532,10,Other
18233,325,1,440.00,2,1,2,212,5,Lost
12579,78,1,440.42,3,2,2,322,7,Other
17699,476,2,442.00,1,2,2,122,5,Lost
14996,481,2,442.29,1,2,2,122,5,Lost
18222,92,1,443.00,3,2,2,322,7,Other
16404,70,1,443.05,3,2,2,322,7,Other
16424,191,2,443.06,2,2,2,222,6,Lost
14638,50,1,443.60,4,2,2,422,8,Other
18270,38,3,444.55,4,3,2,432,9,Other
12788,463,4,444.90,1,3,2,132,6,"At Risk"
18134,598,2,445.00,1,2,2,122,5,Lost
14328,438,1,445.05,1,1,2,112,4,Lost
14010,565,2,445.15,1,2,2,122,5,Lost
17370,72,4,446.18,3,3,2,332,8,Other
14149,220,1,446.62,2,2,2,222,6,Lost
16095,456,1,447.05,1,1,2,112,4,Lost
13754,151,3,447.05,3,3,2,332,8,Other
18201,722,1,447.53,1,1,2,112,4,Lost
14780,54,2,447.68,4,2,2,422,8,Other
14761,58,3,447.92,4,3,2,432,9,Other
15739,66,1,449.12,3,2,2,322,7,Other
17823,421,2,449.25,1,2,2,122,5,Lost
15418,425,2,449.42,1,2,2,122,5,Lost
12448,44,1,449.45,4,2,2,422,8,Other
15126,536,2,449.49,1,2,2,122,5,Lost
13489,105,4,449.52,3,3,2,332,8,Other
13877,86,3,449.68,3,3,2,332,8,Other
14784,26,3,449.93,4,3,2,432,9,Other
13150,484,3,449.97,1,3,2,132,6,"At Risk"
16870,469,1,450.16,1,1,2,112,4,Lost
15124,22,4,450.82,4,4,2,442,10,Loyal
12831,262,3,451.11,2,3,2,232,7,"At Risk"
15961,379,1,451.29,2,1,2,212,5,Lost
18031,378,1,451.30,2,1,2,212,5,Lost
15802,142,1,451.42,3,2,2,322,7,Other
18100,550,1,451.56,1,1,2,112,4,Lost
13698,596,2,451.73,1,2,2,122,5,Lost
16799,432,2,452.78,1,2,2,122,5,Lost
14184,66,1,452.89,3,2,2,322,7,Other
12729,113,1,453.01,3,2,2,322,7,Other
16481,682,1,453.38,1,1,2,112,4,Lost
18158,9,2,453.40,5,3,2,532,10,Other
17376,70,4,453.64,3,3,2,332,8,Other
17564,24,3,454.01,4,3,2,432,9,Other
15475,77,1,454.11,3,2,2,322,7,Other
17140,247,1,454.12,2,2,2,222,6,Lost
12459,605,1,454.36,1,1,2,112,4,Lost
17067,724,3,454.54,1,3,2,132,6,"At Risk"
16765,294,2,454.75,2,2,2,222,6,Lost
14335,16,2,454.86,5,3,2,532,10,Other
15585,176,1,455.30,3,2,2,322,7,Other
12999,196,3,455.88,2,3,2,232,7,"At Risk"
16039,423,2,456.40,1,2,2,122,5,Lost
14296,421,2,456.40,1,2,2,122,5,Lost
14819,64,4,456.41,3,3,2,332,8,Other
12564,261,1,456.90,2,2,2,222,6,Lost
17344,46,2,457.36,4,2,2,422,8,Other
12375,10,2,457.50,5,3,2,532,10,Other
16069,417,1,457.70,1,1,2,112,4,Lost
15121,50,2,457.72,4,2,2,422,8,Other
14011,480,2,457.82,1,2,2,122,5,Lost
14599,390,2,457.89,2,2,2,222,6,Lost
13957,417,3,458.25,1,3,2,132,6,"At Risk"
14118,428,1,458.45,1,1,2,112,4,Lost
16596,15,4,458.98,5,4,2,542,11,Loyal
17111,47,2,459.58,4,2,2,422,8,Other
16310,414,2,460.08,1,2,2,122,5,Lost
12491,38,1,460.40,4,1,2,412,7,Other
15540,11,2,460.68,5,3,2,532,10,Other
18284,431,1,461.68,1,1,2,112,4,Lost
13624,388,1,462.08,2,1,2,212,5,Lost
14954,12,2,462.12,5,3,2,532,10,Other
15958,74,4,462.12,3,3,2,332,8,Other
14331,124,2,462.66,3,2,2,322,7,Other
14627,379,1,462.75,2,1,2,212,5,Lost
17964,31,2,463.21,4,3,2,432,9,Other
17040,137,2,463.25,3,2,2,322,7,Other
18083,397,1,463.53,2,1,2,212,5,Lost
14727,274,3,463.73,2,3,2,232,7,"At Risk"
15349,158,2,463.91,3,2,2,322,7,Other
13928,10,4,464.57,5,4,2,542,11,Loyal
13248,124,2,465.68,3,2,2,322,7,Other
16504,25,1,465.88,4,1,2,412,7,Other
14148,233,2,466.29,2,2,2,222,6,Lost
14052,19,2,466.66,4,3,2,432,9,Other
12958,400,2,467.34,2,2,2,222,6,Lost
16390,536,3,467.50,1,3,2,132,6,"At Risk"
14029,63,2,467.66,3,2,2,322,7,Other
17187,226,2,467.71,2,2,2,222,6,Lost
17294,669,2,467.79,1,2,2,122,5,Lost
13171,21,3,468.41,4,3,2,432,9,Other
12554,448,1,468.50,1,1,2,112,4,Lost
15387,492,1,468.65,1,1,2,112,4,Lost
15557,28,1,468.91,4,1,2,412,7,Other
14369,642,2,469.13,1,2,2,122,5,Lost
14058,462,2,469.19,1,2,2,122,5,Lost
17254,4,3,469.48,5,3,2,532,10,Other
15963,19,2,470.76,5,3,2,532,10,Other
13066,24,2,470.80,4,3,2,432,9,Other
16473,164,4,470.83,3,3,2,332,8,Other
14237,373,2,471.14,2,2,2,222,6,Lost
15721,11,1,471.40,5,1,2,512,8,Other
16038,7,3,471.78,5,3,2,532,10,Other
13161,313,2,472.13,2,2,2,222,6,Lost
13642,215,4,472.20,2,3,2,232,7,"At Risk"
14975,57,2,472.39,4,2,2,422,8,Other
13194,135,2,472.78,3,2,2,322,7,Other
16635,406,1,473.00,2,1,2,212,5,Lost
17104,423,1,474.03,1,1,2,112,4,Lost
14322,429,4,474.10,1,3,2,132,6,"At Risk"
15780,183,3,475.28,3,3,2,332,8,Other
15507,171,1,475.86,3,2,2,322,7,Other
15277,46,2,476.34,4,2,2,422,8,Other
18176,358,1,476.35,2,1,2,212,5,Lost
12447,243,1,476.49,2,2,2,222,6,Lost
15589,255,3,478.53,2,3,2,232,7,"At Risk"
13428,10,3,478.54,5,3,2,532,10,Other
15174,322,2,481.46,2,2,2,222,6,Lost
13176,46,1,481.49,4,2,2,422,8,Other
17106,389,1,481.58,2,1,2,212,5,Lost
18216,31,1,481.75,4,1,2,412,7,Other
12542,484,2,481.88,1,2,2,122,5,Lost
17996,379,3,482.33,2,3,2,232,7,"At Risk"
16603,74,2,482.47,3,2,2,322,7,Other
16024,12,3,483.99,5,3,2,532,10,Other
16999,23,2,484.82,4,3,2,432,9,Other
12443,732,1,485.31,1,1,2,112,4,Lost
15216,87,2,486.09,3,2,2,322,7,Other
13153,5,1,486.22,5,1,2,512,8,Other
12920,17,4,486.64,5,4,2,542,11,Loyal
17453,17,2,486.72,5,3,2,532,10,Other
13675,151,2,486.82,3,2,2,322,7,Other
13733,410,2,487.03,1,2,2,122,5,Lost
16021,395,2,487.03,2,2,2,222,6,Lost
13412,620,1,487.35,1,1,2,112,4,Lost
15165,373,1,487.75,2,1,2,212,5,Lost
17608,33,4,488.06,4,4,2,442,10,Loyal
18280,277,2,488.15,2,2,2,222,6,Lost
14722,147,3,489.52,3,3,2,332,8,Other
17988,11,14,489.54,5,5,2,552,12,Loyal
17715,200,2,489.60,2,2,2,222,6,Lost
17476,395,2,489.86,2,2,2,222,6,Lost
12634,535,2,490.00,1,2,2,122,5,Lost
12983,598,1,490.08,1,1,2,112,4,Lost
14416,22,2,490.22,4,3,2,432,9,Other
15877,1,2,490.33,5,3,2,532,10,Other
15000,47,1,490.52,4,2,2,422,8,Other
14663,430,2,490.60,1,2,2,122,5,Lost
17269,385,1,491.81,2,1,2,212,5,Lost
13732,28,1,491.86,4,1,2,412,7,Other
14310,432,1,492.10,1,1,2,112,4,Lost
18203,157,4,492.52,3,3,2,332,8,Other
14270,331,1,492.65,2,1,2,212,5,Lost
15447,330,5,492.88,2,4,2,242,8,Loyal
12763,138,2,494.08,3,2,2,322,7,Other
17333,85,1,494.25,3,2,2,322,7,Other
16352,17,2,494.44,5,3,2,532,10,Other
14319,424,1,494.85,1,1,2,112,4,Lost
17995,281,3,495.48,2,3,2,232,7,"At Risk"
16977,395,4,496.00,2,3,2,232,7,"At Risk"
12904,18,2,496.06,5,3,2,532,10,Other
15278,561,4,496.16,1,3,2,132,6,"At Risk"
15018,38,3,496.21,4,3,2,432,9,Other
15300,64,1,496.44,3,2,2,322,7,Other
12943,558,2,496.50,1,2,2,122,5,Lost
17923,282,3,497.00,2,3,2,232,7,"At Risk"
17335,383,2,497.04,2,2,2,222,6,Lost
17680,23,3,497.45,4,3,2,432,9,Other
16820,95,1,497.61,3,2,2,322,7,Other
17053,130,1,498.48,3,2,2,322,7,Other
14171,98,2,498.79,3,2,2,322,7,Other
16488,33,3,498.80,4,3,2,432,9,Other
17256,107,5,498.93,3,4,2,342,9,Loyal
15193,60,1,499.32,3,2,2,322,7,Other
13553,674,1,499.60,1,1,2,112,4,Lost
17110,165,3,499.90,3,3,2,332,8,Other
12366,633,1,500.24,1,1,2,112,4,Lost
16616,15,2,500.42,5,3,2,532,10,Other
17248,120,2,500.54,3,2,2,322,7,Other
18049,437,2,500.92,1,2,2,122,5,Lost
13247,17,4,501.12,5,4,2,542,11,Loyal
13116,138,1,501.14,3,2,2,322,7,Other
14968,30,2,501.24,4,3,2,432,9,Other
15881,312,5,501.39,2,4,2,242,8,Loyal
13865,58,4,501.56,4,4,2,442,10,Loyal
17266,2,5,501.72,5,4,2,542,11,Loyal
17276,402,1,502.49,2,1,2,212,5,Lost
15138,393,1,502.52,2,1,2,212,5,Lost
12419,385,2,503.01,2,2,2,222,6,Lost
12376,389,2,503.15,2,2,2,222,6,Lost
17630,169,2,503.60,3,2,2,322,7,Other
14807,390,2,504.14,2,2,2,222,6,Lost
12988,292,1,505.82,2,1,2,212,5,Lost
14647,201,2,506.04,2,2,2,222,6,Lost
13123,472,2,506.75,1,2,2,122,5,Lost
13885,189,2,506.80,2,2,2,222,6,Lost
17384,19,3,507.55,4,3,2,432,9,Other
14158,40,1,507.66,4,2,2,422,8,Other
17415,79,1,507.84,3,2,2,322,7,Other
14552,151,3,507.93,3,3,2,332,8,Other
13067,82,3,508.51,3,3,2,332,8,Other
14317,64,1,508.58,3,2,2,322,7,Other
15417,85,1,508.80,3,2,2,322,7,Other
17391,163,2,508.80,3,2,2,322,7,Other
12907,395,2,508.91,2,2,2,222,6,Lost
12436,99,1,509.01,3,2,2,322,7,Other
14008,432,1,509.04,1,1,2,112,4,Lost
13710,31,3,509.52,4,3,2,432,9,Other
13367,431,1,510.20,1,1,2,112,4,Lost
16561,5,2,511.12,5,3,2,532,10,Other
12361,287,4,511.25,2,3,2,232,7,"At Risk"
15891,226,1,511.68,2,2,2,222,6,Lost
13177,64,2,512.20,3,2,2,322,7,Other
16829,156,2,513.32,3,2,2,322,7,Other
12977,156,4,513.88,3,3,2,332,8,Other
12897,204,4,514.25,2,3,2,232,7,"At Risk"
18212,326,2,514.37,2,2,2,222,6,Lost
17510,24,2,514.56,4,3,2,432,9,Other
14949,469,4,515.00,1,3,2,132,6,"At Risk"
18243,414,1,515.78,1,1,2,112,4,Lost
13859,326,2,515.86,2,2,2,222,6,Lost
14429,403,1,516.28,2,1,2,212,5,Lost
13043,273,1,516.42,2,1,2,212,5,Lost
14311,242,2,516.45,2,2,2,222,6,Lost
18205,36,2,517.36,4,3,2,432,9,Other
12979,729,1,517.70,1,1,2,112,4,Lost
13600,312,2,518.42,2,2,2,222,6,Lost
12825,521,2,518.63,1,2,2,122,5,Lost
12777,457,1,519.45,1,1,2,112,4,Lost
12571,39,2,519.61,4,3,2,432,9,Other
13977,411,1,519.81,1,1,2,112,4,Lost
15689,119,3,521.03,3,3,2,332,8,Other
12956,306,4,521.89,2,3,2,232,7,"At Risk"
17514,128,2,522.00,3,2,2,322,7,Other
16413,56,2,522.03,4,2,2,422,8,Other
13605,387,2,522.67,2,2,2,222,6,Lost
17712,44,1,522.91,4,2,2,422,8,Other
13277,15,7,523.30,5,4,2,542,11,Loyal
17765,158,4,524.00,3,3,2,332,8,Other
15683,117,2,524.54,3,2,2,322,7,Other
14417,387,1,524.65,2,1,2,212,5,Lost
15467,9,3,524.88,5,3,2,532,10,Other
15919,19,2,525.69,5,3,2,532,10,Other
16421,376,3,526.27,2,3,2,232,7,"At Risk"
12479,11,1,527.20,5,1,2,512,8,Other
14616,242,5,527.78,2,4,2,242,8,Loyal
18098,396,1,527.94,2,1,2,212,5,Lost
15756,61,4,528.01,3,3,2,332,8,Other
16406,18,3,528.36,5,3,2,532,10,Other
17999,37,3,528.46,4,3,2,432,9,Other
18043,24,3,529.29,4,3,2,432,9,Other
18191,261,2,529.40,2,2,2,222,6,Lost
17458,15,2,529.58,5,3,2,532,10,Other
14002,134,2,529.73,3,2,2,322,7,Other
18159,301,1,530.15,2,1,2,212,5,Lost
15917,247,5,530.17,2,4,2,242,8,Loyal
16935,381,3,530.86,2,3,2,232,7,"At Risk"
16706,37,3,531.35,4,3,2,432,9,Other
14940,417,2,531.49,1,2,2,122,5,Lost
15115,18,2,531.85,5,3,2,532,10,Other
15659,43,3,532.49,4,3,2,432,9,Other
15825,172,1,532.94,3,2,2,322,7,Other
15433,213,2,533.30,2,2,2,222,6,Lost
13594,52,2,533.32,4,2,2,422,8,Other
16707,400,4,533.41,2,3,2,232,7,"At Risk"
16785,409,1,533.78,2,1,2,212,5,Lost
17436,1,5,534.06,5,4,2,542,11,Loyal
17443,219,1,534.24,2,2,2,222,6,Lost
13385,329,1,534.57,2,1,2,212,5,Lost
12810,534,2,534.99,1,2,2,122,5,Lost
16142,249,1,535.34,2,2,2,222,6,Lost
15890,394,5,535.65,2,4,2,242,8,Loyal
13207,15,4,535.86,5,4,2,542,11,Loyal
18140,473,1,536.41,1,1,2,112,4,Lost
16804,23,3,536.99,4,3,2,432,9,Other
14539,15,2,537.48,5,3,2,532,10,Other
13961,392,1,538.40,2,1,2,212,5,Lost
15539,7,1,538.46,5,1,2,512,8,Other
13812,42,3,539.00,4,3,2,432,9,Other
17524,361,3,539.14,2,3,2,232,7,"At Risk"
12743,134,2,540.13,3,2,2,322,7,Other
12819,458,1,540.52,1,1,2,112,4,Lost
16576,420,2,540.87,1,2,2,122,5,Lost
17580,252,5,541.02,2,4,2,242,8,Loyal
17447,40,2,541.53,4,2,2,422,8,Other
16647,169,4,541.90,3,3,2,332,8,Other
16060,400,3,541.95,2,3,2,232,7,"At Risk"
16230,189,2,542.03,2,2,2,222,6,Lost
15675,81,4,542.04,3,3,2,332,8,Other
13785,428,4,542.49,1,3,2,132,6,"At Risk"
15959,682,3,542.89,1,3,2,132,6,"At Risk"
16927,115,3,543.05,3,3,2,332,8,Other
14716,43,3,543.28,4,3,2,432,9,Other
13955,154,3,544.07,3,3,2,332,8,Other
13390,74,1,544.08,3,2,2,322,7,Other
16475,88,4,544.30,3,3,2,332,8,Other
18207,499,1,544.47,1,1,2,112,4,Lost
15728,379,2,544.60,2,2,2,222,6,Lost
17806,11,1,546.04,5,1,2,512,8,Other
15080,427,2,546.25,1,2,2,122,5,Lost
17520,53,1,546.81,4,2,2,422,8,Other
17295,28,3,547.00,4,3,2,432,9,Other
17637,31,2,547.06,4,3,2,432,9,Other
16811,4,2,547.07,5,3,2,532,10,Other
15350,373,2,547.60,2,2,2,222,6,Lost
16031,92,2,547.90,3,2,2,322,7,Other
15598,53,2,548.02,4,2,2,422,8,Other
16536,110,1,548.12,3,2,2,322,7,Other
18039,374,4,548.22,2,3,2,232,7,"At Risk"
16936,25,2,548.29,4,3,2,432,9,Other
13948,360,4,548.76,2,3,2,232,7,"At Risk"
15842,393,2,548.80,2,2,2,222,6,Lost
15200,494,1,549.05,1,1,2,112,4,Lost
15055,474,3,549.12,1,3,2,132,6,"At Risk"
16111,428,1,549.33,1,1,2,112,4,Lost
12390,79,1,549.84,3,2,2,322,7,Other
17265,138,2,550.01,3,2,2,322,7,Other
17291,308,1,550.80,2,1,2,212,5,Lost
17674,74,2,551.04,3,2,2,322,7,Other
16414,21,5,551.21,4,4,2,442,10,Loyal
13677,404,2,551.24,2,2,2,222,6,Lost
12363,109,2,552.00,3,2,2,322,7,Other
12797,365,2,552.08,2,2,2,222,6,Lost
17016,576,1,552.40,1,1,2,112,4,Lost
17407,411,1,552.90,1,1,2,112,4,Lost
15650,521,2,553.88,1,2,2,122,5,Lost
16641,105,2,554.50,3,2,2,322,7,Other
18056,288,2,554.60,2,2,2,222,6,Lost
15634,17,2,554.65,5,3,2,532,10,Other
15102,530,2,554.67,1,2,2,122,5,Lost
13024,470,2,555.87,1,2,2,122,5,Lost
18127,19,4,556.13,4,4,2,442,10,Loyal
13260,61,1,557.62,3,2,2,322,7,Other
14592,35,3,557.94,4,3,2,432,9,Other
17223,310,3,558.04,2,3,2,232,7,"At Risk"
17503,2,2,558.96,5,3,2,532,10,Other
15415,313,1,559.61,2,1,2,212,5,Lost
14273,51,4,559.97,4,4,2,442,10,Loyal
17413,404,2,560.14,2,2,2,222,6,Lost
15655,243,1,560.67,2,2,2,222,6,Lost
17233,35,3,560.86,4,3,2,432,9,Other
12559,310,2,561.71,2,2,2,222,6,Lost
17970,211,1,562.79,2,2,2,222,6,Lost
17195,655,1,562.98,1,1,2,112,4,Lost
17665,493,1,563.10,1,1,2,112,4,Lost
14986,376,2,563.10,2,2,2,222,6,Lost
15597,35,2,563.37,4,3,2,432,9,Other
15143,225,2,563.63,2,2,2,222,6,Lost
15344,0,3,563.94,5,3,2,532,10,Other
13894,23,3,564.62,4,3,2,432,9,Other
16250,261,3,565.24,2,3,2,232,7,"At Risk"
18150,32,3,566.58,4,3,2,432,9,Other
13998,446,3,566.70,1,3,2,132,6,"At Risk"
15627,457,2,566.90,1,2,2,122,5,Lost
14208,94,2,567.05,3,2,2,322,7,Other
16667,68,2,567.18,3,2,2,322,7,Other
13321,72,2,567.36,3,2,2,322,7,Other
18244,430,2,568.64,1,2,2,122,5,Lost
13406,427,2,568.92,1,2,2,122,5,Lost
15920,154,9,569.14,3,5,2,352,10,Loyal
15169,382,2,569.22,2,2,2,222,6,Lost
17433,88,2,569.96,3,2,2,322,7,Other
14170,375,3,570.18,2,3,2,232,7,"At Risk"
15857,18,2,570.48,5,3,2,532,10,Other
15315,64,2,570.50,3,2,2,322,7,Other
17122,119,4,570.50,3,3,2,332,8,Other
13190,544,3,570.66,1,3,2,132,6,"At Risk"
15821,44,2,570.96,4,2,2,422,8,Other
18053,70,3,571.07,3,3,2,332,8,Other
15691,252,4,571.30,2,3,2,232,7,"At Risk"
15198,92,5,571.35,3,4,2,342,9,Loyal
13816,23,2,571.67,4,3,2,432,9,Other
12816,95,2,572.20,3,2,2,322,7,Other
14053,124,4,572.30,3,3,2,332,8,Other
13179,618,1,572.31,1,1,2,112,4,Lost
13379,26,3,572.56,4,3,2,432,9,Other
13424,449,1,572.77,1,1,2,112,4,Lost
17274,35,2,573.22,4,3,2,432,9,Other
12879,44,3,573.22,4,3,2,432,9,Other
13262,263,3,573.45,2,3,2,232,7,"At Risk"
12859,458,1,575.10,1,1,2,112,4,Lost
17773,514,2,575.37,1,2,2,122,5,Lost
17557,14,4,575.46,5,4,2,542,11,Loyal
15830,37,1,576.00,4,1,2,412,7,Other
18262,140,3,577.54,3,3,2,332,8,Other
14529,60,3,578.61,3,3,2,332,8,Other
15588,677,1,579.60,1,1,2,112,4,Lost
14742,435,1,579.85,1,1,2,112,4,Lost
17099,533,1,582.17,1,1,2,112,4,Lost
16802,679,2,582.61,1,2,2,122,5,Lost
16100,462,1,582.64,1,1,2,112,4,Lost
15918,190,3,582.88,2,3,2,232,7,"At Risk"
16445,33,4,583.16,4,4,2,442,10,Loyal
14670,280,3,583.33,2,3,2,232,7,"At Risk"
16001,381,1,583.39,2,1,2,212,5,Lost
17014,8,3,583.43,5,3,2,532,10,Other
15762,65,2,583.75,3,2,2,322,7,Other
14023,7,2,584.07,5,3,2,532,10,Other
12800,470,3,584.25,1,3,2,132,6,"At Risk"
12384,28,2,585.27,4,3,2,432,9,Other
17392,306,3,585.92,2,3,2,232,7,"At Risk"
14173,10,6,586.00,5,4,2,542,11,Loyal
14729,373,3,586.24,2,3,2,232,7,"At Risk"
17890,322,2,586.89,2,2,2,222,6,Lost
15191,463,3,588.05,1,3,2,132,6,"At Risk"
15624,116,4,588.13,3,3,2,332,8,Other
15160,357,4,589.27,2,3,2,232,7,"At Risk"
13270,366,1,590.00,2,1,2,212,5,Lost
17968,373,4,590.44,2,3,2,232,7,"At Risk"
17098,381,3,591.07,2,3,2,232,7,"At Risk"
15524,24,2,591.40,4,3,2,432,9,Other
17483,65,4,591.73,3,3,2,332,8,Other
12790,192,2,591.85,2,2,2,222,6,Lost
17156,491,1,591.87,1,1,2,112,4,Lost
17815,393,1,591.96,2,1,2,212,5,Lost
13472,463,2,592.24,1,2,2,122,5,Lost
16776,60,2,592.51,3,2,2,322,7,Other
18232,81,4,592.97,3,3,2,332,8,Other
16412,53,5,593.19,4,4,2,442,10,Loyal
14746,406,4,593.50,2,3,2,232,7,"At Risk"
15929,644,1,594.00,1,1,2,112,4,Lost
15442,248,1,594.00,2,2,2,222,6,Lost
13558,5,4,594.52,5,4,2,542,11,Loyal
14771,621,2,594.62,1,2,2,122,5,Lost
13684,285,4,594.88,2,3,2,232,7,"At Risk"
17658,25,2,595.42,4,3,2,432,9,Other
17209,649,3,595.70,1,3,2,132,6,"At Risk"
14965,96,2,596.09,3,2,2,322,7,Other
17845,555,4,596.09,1,3,2,132,6,"At Risk"
15346,332,3,596.12,2,3,2,232,7,"At Risk"
16780,100,3,596.40,3,3,2,332,8,Other
15631,642,1,596.67,1,1,2,112,4,Lost
14569,1,4,597.33,5,4,2,542,11,Loyal
15424,254,3,597.78,2,3,2,232,7,"At Risk"
13311,4,2,598.57,5,3,2,532,10,Other
12556,50,2,599.56,4,2,2,422,8,Other
12521,142,1,599.68,3,2,2,322,7,Other
17678,263,2,599.76,2,2,2,222,6,Lost
18211,25,5,600.07,4,4,2,442,10,Loyal
17745,477,2,600.34,1,2,2,122,5,Lost
12420,63,1,600.39,3,2,2,322,7,Other
14254,432,1,601.03,1,1,2,112,4,Lost
17270,469,2,601.45,1,2,2,122,5,Lost
12654,10,5,601.98,5,4,2,542,11,Loyal
16080,81,4,602.56,3,3,2,332,8,Other
16022,260,1,602.63,2,2,2,222,6,Lost
18264,498,1,603.25,1,1,2,112,4,Lost
12707,291,1,603.42,2,1,2,212,5,Lost
13106,133,2,603.46,3,2,2,322,7,Other
14611,443,2,604.33,1,2,2,122,5,Lost
12944,35,2,604.51,4,3,2,432,9,Other
16321,72,7,604.55,3,4,2,342,9,Loyal
14323,114,2,605.06,3,2,2,322,7,Other
17507,261,2,605.58,2,2,2,222,6,Lost
16590,400,2,605.90,2,2,2,222,6,Lost
15158,45,2,606.02,4,2,2,422,8,Other
17119,3,2,606.91,5,3,2,532,10,Other
17473,408,2,607.00,2,2,2,222,6,Lost
15717,234,5,607.00,2,4,2,242,8,Loyal
13933,109,2,608.79,3,2,2,322,7,Other
16675,441,2,608.86,1,2,2,122,5,Lost
17707,185,8,609.30,3,4,2,342,9,Loyal
17325,280,3,609.57,2,3,3,233,8,"At Risk"
15748,40,3,609.81,4,3,3,433,10,Other
14636,36,2,609.85,4,3,3,433,10,Other
13832,19,2,609.89,4,3,3,433,10,Other
13731,219,2,610.59,2,2,3,223,7,"At Risk"
16922,572,1,611.08,1,1,3,113,5,"At Risk"
15232,113,2,612.06,3,2,3,323,8,Other
13008,323,3,612.13,2,3,3,233,8,"At Risk"
12513,112,1,612.29,3,2,3,323,8,Other
16589,71,4,612.36,3,3,3,333,9,Other
16178,138,2,612.60,3,2,3,323,8,Other
16116,211,1,612.78,2,2,3,223,7,"At Risk"
12855,372,4,612.84,2,3,3,233,8,"At Risk"
15362,448,2,613.08,1,2,3,123,6,"At Risk"
17035,245,4,613.59,2,3,3,233,8,"At Risk"
14570,280,3,613.75,2,3,3,233,8,"At Risk"
16343,16,3,614.12,5,3,3,533,11,Other
16844,562,2,614.34,1,2,3,123,6,"At Risk"
16566,15,5,614.66,5,4,3,543,12,Loyal
16847,43,2,614.89,4,2,3,423,9,Other
14077,40,6,615.08,4,4,3,443,11,Loyal
15275,37,1,615.14,4,1,3,413,8,Other
17639,276,6,615.17,2,4,3,243,9,Loyal
16311,17,2,616.26,5,3,3,533,11,Other
14377,191,2,617.05,2,2,3,223,7,"At Risk"
15956,551,2,617.60,1,2,3,123,6,"At Risk"
14455,432,4,617.72,1,3,3,133,7,"At Risk"
13301,103,4,618.09,3,3,3,333,9,Other
12596,51,2,618.27,4,2,3,423,9,Other
16613,70,1,618.59,3,2,3,323,8,Other
13493,275,2,618.63,2,2,3,223,7,"At Risk"
14079,124,2,618.73,3,2,3,323,8,Other
13020,562,2,618.96,1,2,3,123,6,"At Risk"
13444,374,2,619.08,2,2,3,223,7,"At Risk"
15276,66,4,619.80,3,3,3,333,9,Other
12667,58,1,620.13,3,2,3,323,8,Other
14339,242,2,620.27,2,2,3,223,7,"At Risk"
13836,399,2,620.37,2,2,3,223,7,"At Risk"
15016,172,5,620.89,3,4,3,343,10,Loyal
16368,2,3,621.44,5,3,3,533,11,Other
14169,430,2,621.51,1,2,3,123,6,"At Risk"
18101,11,5,622.01,5,4,3,543,12,Loyal
17005,470,2,622.36,1,2,3,123,6,"At Risk"
17430,32,4,622.57,4,4,3,443,11,Loyal
14115,501,2,622.67,1,2,3,123,6,"At Risk"
12575,457,2,622.82,1,2,3,123,6,"At Risk"
16781,372,2,623.00,2,2,3,223,7,"At Risk"
15258,168,2,623.16,3,2,3,323,8,Other
16431,213,3,623.28,2,3,3,233,8,"At Risk"
16792,282,5,623.46,2,4,3,243,9,Loyal
15147,240,1,623.50,2,2,3,223,7,"At Risk"
16750,44,5,623.93,4,4,3,443,11,Loyal
13776,428,2,623.98,1,2,3,123,6,"At Risk"
17134,106,3,625.30,3,3,3,333,9,Other
16330,17,7,625.38,5,4,3,543,12,Loyal
16715,78,2,625.52,3,2,3,323,8,Other
14793,21,2,625.90,4,3,3,433,10,Other
14381,52,2,625.94,4,2,3,423,9,Other
13914,11,2,626.45,5,3,3,533,11,Other
14036,284,1,626.65,2,1,3,213,6,"At Risk"
13518,85,1,627.16,3,2,3,323,8,Other
13480,416,2,627.82,1,2,3,123,6,"At Risk"
16158,522,9,628.32,1,5,3,153,9,Loyal
14283,463,4,628.44,1,3,3,133,7,"At Risk"
13525,14,2,628.78,5,3,3,533,11,Other
16399,19,3,630.22,5,3,3,533,11,Other
16193,236,2,630.43,2,2,3,223,7,"At Risk"
13706,302,2,631.17,2,2,3,223,7,"At Risk"
17985,22,1,631.35,4,1,3,413,8,Other
13822,5,2,632.00,5,3,3,533,11,Other
18183,227,2,632.07,2,2,3,223,7,"At Risk"
13540,467,3,632.39,1,3,3,133,7,"At Risk"
15666,472,2,632.94,1,2,3,123,6,"At Risk"
14219,4,3,633.83,5,3,3,533,11,Other
14365,394,2,634.68,2,2,3,223,7,"At Risk"
17334,302,3,635.15,2,3,3,233,8,"At Risk"
16534,642,1,635.90,1,1,3,113,5,"At Risk"
15829,99,2,636.14,3,2,3,323,8,Other
14664,19,2,636.24,4,3,3,433,10,Other
17691,358,4,637.55,2,3,3,233,8,"At Risk"
12699,417,1,638.11,1,1,3,113,5,"At Risk"
16428,413,3,638.49,1,3,3,133,7,"At Risk"
17998,380,3,639.24,2,3,3,233,8,"At Risk"
15648,204,2,639.50,2,2,3,223,7,"At Risk"
12734,352,3,639.65,2,3,3,233,8,"At Risk"
15183,547,3,639.93,1,3,3,133,7,"At Risk"
12880,381,2,640.13,2,2,3,223,7,"At Risk"
12538,29,2,640.45,4,3,3,433,10,Other
14563,509,2,640.54,1,2,3,123,6,"At Risk"
13318,1,3,640.76,5,3,3,533,11,Other
12624,106,2,641.13,3,2,3,323,8,Other
12365,291,2,641.38,2,2,3,223,7,"At Risk"
14537,57,2,641.40,4,2,3,423,9,Other
15297,10,3,641.94,5,3,3,533,11,Other
13237,387,1,643.00,2,1,3,213,6,"At Risk"
17963,471,4,643.16,1,3,3,133,7,"At Risk"
17312,138,3,644.30,3,3,3,333,9,Other
16185,16,3,644.72,5,3,3,533,11,Other
12719,5,2,644.95,5,3,3,533,11,Other
17380,434,3,645.00,1,3,3,133,7,"At Risk"
14024,121,3,645.74,3,3,3,333,9,Other
15012,53,3,646.26,4,3,3,433,10,Other
15945,365,4,646.27,2,3,3,233,8,"At Risk"
13474,236,3,646.59,2,3,3,233,8,"At Risk"
16734,52,3,646.76,4,3,3,433,10,Other
17777,24,3,647.56,4,3,3,433,10,Other
16495,3,3,648.26,5,3,3,533,11,Other
12844,29,4,648.60,4,4,3,443,11,Loyal
14034,22,3,648.89,4,3,3,433,10,Other
17779,21,3,650.32,4,3,3,433,10,Other
16969,39,3,650.41,4,3,3,433,10,Other
16056,45,1,650.75,4,2,3,423,9,Other
13840,416,1,651.40,1,1,3,113,5,"At Risk"
17572,71,10,652.21,3,5,3,353,11,Loyal
17523,11,4,652.74,5,4,3,543,12,Loyal
13820,418,3,652.75,1,3,3,133,7,"At Risk"
15205,85,2,653.24,3,2,3,323,8,Other
18121,149,2,653.30,3,2,3,323,8,Other
13496,10,2,653.33,5,3,3,533,11,Other
17398,114,3,653.38,3,3,3,333,9,Other
16117,189,3,654.40,2,3,3,233,8,"At Risk"
17371,17,6,655.37,5,4,3,543,12,Loyal
14558,654,3,655.50,1,3,3,133,7,"At Risk"
16708,45,1,656.63,4,2,3,423,9,Other
16157,15,3,656.69,5,3,3,533,11,Other
17459,43,2,657.30,4,2,3,423,9,Other
17852,11,5,657.81,5,4,3,543,12,Loyal
16696,135,4,657.90,3,3,3,333,9,Other
15715,555,5,658.02,1,4,3,143,8,Loyal
16887,35,3,658.17,4,3,3,433,10,Other
13433,501,4,658.32,1,3,3,133,7,"At Risk"
14150,35,2,658.64,4,3,3,433,10,Other
13622,696,1,658.95,1,1,3,113,5,"At Risk"
14452,10,4,658.95,5,4,3,543,12,Loyal
13759,33,2,659.41,4,3,3,433,10,Other
15492,28,2,659.46,4,3,3,433,10,Other
15405,189,2,659.84,2,2,3,223,7,"At Risk"
14603,274,1,660.00,2,1,3,213,6,"At Risk"
17375,199,4,660.55,2,3,3,233,8,"At Risk"
13028,22,2,661.32,4,3,3,433,10,Other
14425,434,3,661.39,1,3,3,133,7,"At Risk"
16862,547,4,662.33,1,3,3,133,7,"At Risk"
13864,386,1,662.40,2,1,3,213,6,"At Risk"
12837,173,2,662.66,3,2,3,323,8,Other
16679,366,3,663.31,2,3,3,233,8,"At Risk"
16573,84,2,663.61,3,2,3,323,8,Other
14720,5,3,663.81,5,3,3,533,11,Other
15643,191,3,664.00,2,3,3,233,8,"At Risk"
13596,5,2,664.11,5,3,3,533,11,Other
16704,618,2,664.16,1,2,3,123,6,"At Risk"
16132,544,2,664.20,1,2,3,123,6,"At Risk"
17105,159,2,665.78,3,2,3,323,8,Other
14932,365,2,666.13,2,2,3,223,7,"At Risk"
13217,122,4,666.48,3,3,3,333,9,Other
18123,24,3,666.64,4,3,3,433,10,Other
17962,142,4,666.96,3,3,3,333,9,Other
16268,71,2,667.65,3,2,3,323,8,Other
13741,71,3,668.43,3,3,3,333,9,Other
17418,42,3,670.06,4,3,3,433,10,Other
13398,192,2,670.34,2,2,3,223,7,"At Risk"
17709,169,5,671.01,3,4,3,343,10,Loyal
14142,373,2,671.34,2,2,3,223,7,"At Risk"
15562,351,3,671.43,2,3,3,233,8,"At Risk"
17011,30,3,671.70,4,3,3,433,10,Other
16226,203,5,672.17,2,4,3,243,9,Loyal
16648,42,3,672.80,4,3,3,433,10,Other
14504,47,4,673.26,4,4,3,443,11,Loyal
13951,176,3,674.45,3,3,3,333,9,Other
13355,122,1,674.70,3,2,3,323,8,Other
13325,81,1,675.30,3,2,3,323,8,Other
12942,131,3,675.60,3,3,3,333,9,Other
18156,12,2,675.64,5,3,3,533,11,Other
17462,60,2,675.69,3,2,3,323,8,Other
13040,8,2,676.99,5,3,3,533,11,Other
16601,40,3,677.00,4,3,3,433,10,Other
13974,49,2,677.72,4,2,3,423,9,Other
15363,372,2,678.11,2,2,3,223,7,"At Risk"
13925,92,4,678.25,3,3,3,333,9,Other
13255,9,3,678.76,5,3,3,533,11,Other
14182,443,4,678.77,1,3,3,133,7,"At Risk"
16646,449,1,678.80,1,1,3,113,5,"At Risk"
17782,382,2,679.02,2,2,3,223,7,"At Risk"
14151,673,2,679.45,1,2,3,123,6,"At Risk"
13430,18,2,679.45,5,3,3,533,11,Other
13809,305,3,679.70,2,3,3,233,8,"At Risk"
13524,40,5,680.18,4,4,3,443,11,Loyal
15973,366,3,680.62,2,3,3,233,8,"At Risk"
18082,25,1,680.84,4,1,3,413,8,Other
18271,609,2,680.85,1,2,3,123,6,"At Risk"
12478,3,1,680.99,5,1,3,513,9,Other
12601,189,6,681.26,2,4,3,243,9,Loyal
13987,379,2,682.54,2,2,3,223,7,"At Risk"
15582,24,3,682.91,4,3,3,433,10,Other
14222,177,1,683.17,3,2,3,323,8,Other
17874,185,6,683.46,3,4,3,343,10,Loyal
15207,416,3,683.92,1,3,3,133,7,"At Risk"
15669,40,4,684.34,4,4,3,443,11,Loyal
13585,530,3,684.54,1,3,3,133,7,"At Risk"
16885,15,4,684.60,5,4,3,543,12,Loyal
15184,29,4,685.39,4,4,3,443,11,Loyal
15219,176,2,685.45,3,2,3,323,8,Other
15257,283,2,685.90,2,2,3,223,7,"At Risk"
12658,18,1,686.05,5,1,3,513,9,Other
17935,138,7,686.14,3,4,3,343,10,Loyal
16824,15,3,686.24,5,3,3,533,11,Other
13898,325,2,686.40,2,2,3,223,7,"At Risk"
14809,621,2,686.76,1,2,3,123,6,"At Risk"
15901,16,7,687.72,5,4,3,543,12,Loyal
18017,81,4,688.00,3,3,3,333,9,Other
12450,156,5,688.20,3,4,3,343,10,Loyal
15361,361,4,689.07,2,3,3,233,8,"At Risk"
17502,9,4,689.10,5,4,3,543,12,Loyal
17834,414,2,689.67,1,2,3,123,6,"At Risk"
16545,164,2,689.82,3,2,3,323,8,Other
14880,77,3,690.59,3,3,3,333,9,Other
16658,368,6,690.83,2,4,3,243,9,Loyal
12817,281,3,690.98,2,3,3,233,8,"At Risk"
17733,38,2,692.19,4,3,3,433,10,Other
17198,23,3,692.22,4,3,3,433,10,Other
14111,14,4,692.85,5,4,3,543,12,Loyal
15053,4,3,693.95,5,3,3,533,11,Other
15995,414,1,694.54,1,1,3,113,5,"At Risk"
13101,234,4,695.40,2,3,3,233,8,"At Risk"
14959,64,4,695.42,3,3,3,333,9,Other
15700,172,2,696.68,3,2,3,323,8,Other
16415,44,3,696.76,4,3,3,433,10,Other
14497,309,2,697.06,2,2,3,223,7,"At Risk"
16018,39,4,698.13,4,4,3,443,11,Loyal
13242,112,7,699.40,3,4,3,343,10,Loyal
17163,21,4,699.78,4,4,3,443,11,Loyal
13833,159,2,700.41,3,2,3,323,8,Other
14356,79,2,701.23,3,2,3,323,8,Other
14179,40,2,701.57,4,3,3,433,10,Other
14324,409,2,701.61,2,2,3,223,7,"At Risk"
17825,598,4,701.96,1,3,3,133,7,"At Risk"
16997,288,3,702.00,2,3,3,233,8,"At Risk"
14699,214,4,702.60,2,3,3,233,8,"At Risk"
17561,19,4,703.02,4,4,3,443,11,Loyal
15103,31,2,703.36,4,3,3,433,10,Other
12883,24,4,703.47,4,4,3,443,11,Loyal
12612,74,1,704.04,3,2,3,323,8,Other
16015,3,3,704.55,5,3,3,533,11,Other
16882,66,3,705.12,3,3,3,333,9,Other
16364,11,2,705.79,5,3,3,533,11,Other
12890,24,2,706.02,4,3,3,433,10,Other
17051,194,4,706.49,2,3,3,233,8,"At Risk"
16309,106,2,706.57,3,2,3,323,8,Other
13626,252,2,707.04,2,2,3,223,7,"At Risk"
12453,134,1,707.09,3,2,3,323,8,Other
16449,197,2,707.69,2,2,3,223,7,"At Risk"
14398,401,2,707.79,2,2,3,223,7,"At Risk"
12485,529,1,708.10,1,1,3,113,5,"At Risk"
13927,74,2,708.26,3,2,3,323,8,Other
13057,530,3,709.59,1,3,3,133,7,"At Risk"
13103,39,3,709.64,4,3,3,433,10,Other
15127,65,2,711.50,3,2,3,323,8,Other
14470,11,3,712.04,5,3,3,533,11,Other
17761,32,1,712.78,4,1,3,413,8,Other
13147,10,4,712.80,5,4,3,543,12,Loyal
14026,470,2,713.11,1,2,3,123,6,"At Risk"
13512,260,4,713.39,2,3,3,233,8,"At Risk"
15330,32,2,714.96,4,3,3,433,10,Other
12492,63,3,715.21,3,3,3,333,9,Other
12535,91,2,716.35,3,2,3,323,8,Other
12519,63,2,716.54,3,2,3,323,8,Other
15274,4,2,716.57,5,3,3,533,11,Other
16526,171,2,717.21,3,2,3,323,8,Other
17860,368,4,717.39,2,3,3,233,8,"At Risk"
12573,227,5,717.41,2,4,3,243,9,Loyal
16269,437,1,717.57,1,1,3,113,5,"At Risk"
13604,658,1,717.62,1,1,3,113,5,"At Risk"
13537,425,2,717.85,1,2,3,123,6,"At Risk"
16023,46,3,719.81,4,3,3,433,10,Other
13441,91,2,720.90,3,2,3,323,8,Other
17615,130,6,721.80,3,4,3,343,10,Loyal
13264,442,1,722.56,1,1,3,113,5,"At Risk"
15368,21,2,722.74,4,3,3,433,10,Other
14798,52,8,724.31,4,4,3,443,11,Loyal
13729,435,3,724.73,1,3,3,133,7,"At Risk"
18187,631,1,724.89,1,1,3,113,5,"At Risk"
12723,3,5,725.07,5,4,3,543,12,Loyal
18078,217,4,725.53,2,3,3,233,8,"At Risk"
13569,17,4,726.54,5,4,3,543,12,Loyal
16447,135,3,727.10,3,3,3,333,9,Other
17374,218,3,727.11,2,3,3,233,8,"At Risk"
17141,418,4,727.58,1,3,3,133,7,"At Risk"
17547,375,2,727.85,2,2,3,223,7,"At Risk"
12786,609,1,728.50,1,1,3,113,5,"At Risk"
17756,375,3,728.75,2,3,3,233,8,"At Risk"
18163,584,1,728.84,1,1,3,113,5,"At Risk"
15872,14,4,729.25,5,4,3,543,12,Loyal
12925,4,3,729.33,5,3,3,533,11,Other
13452,259,3,729.80,2,3,3,233,8,"At Risk"
13921,402,4,730.70,2,3,3,233,8,"At Risk"
14778,127,2,730.86,3,2,3,323,8,Other
17681,597,5,731.20,1,4,3,143,8,Loyal
17548,233,4,731.26,2,3,3,233,8,"At Risk"
13575,23,5,732.07,4,4,3,443,11,Loyal
13780,7,3,732.07,5,3,3,533,11,Other
17979,35,4,732.41,4,4,3,443,11,Loyal
12537,408,1,732.94,2,1,3,213,6,"At Risk"
17616,173,4,734.40,3,3,3,333,9,Other
15938,112,9,734.81,3,5,3,353,11,Loyal
13286,600,1,734.91,1,1,3,113,5,"At Risk"
12527,81,5,735.51,3,4,3,343,10,Loyal
15045,151,2,735.66,3,2,3,323,8,Other
17461,22,3,735.82,4,3,3,433,10,Other
16075,502,2,736.93,1,2,3,123,6,"At Risk"
15070,372,3,737.05,2,3,3,233,8,"At Risk"
15462,94,4,737.05,3,3,3,333,9,Other
15988,19,3,738.89,5,3,3,533,11,Other
12603,21,1,739.20,4,1,3,413,8,Other
15720,24,2,739.22,4,3,3,433,10,Other
13713,408,3,740.76,2,3,3,233,8,"At Risk"
13721,36,2,741.54,4,3,3,433,10,Other
18275,578,2,741.85,1,2,3,123,6,"At Risk"
12465,17,2,742.19,5,3,3,533,11,Other
14302,430,3,742.90,1,3,3,133,7,"At Risk"
15420,434,6,743.00,1,4,3,143,8,Loyal
16730,52,3,743.11,4,3,3,433,10,Other
17038,30,2,743.17,4,3,3,433,10,Other
13354,71,1,743.53,3,2,3,323,8,Other
14104,154,5,743.53,3,4,3,343,10,Loyal
12871,84,3,744.02,3,3,3,333,9,Other
13236,24,2,744.85,4,3,3,433,10,Other
13950,11,4,745.06,5,4,3,543,12,Loyal
14228,437,3,745.50,1,3,3,133,7,"At Risk"
18190,192,5,745.62,2,4,3,243,9,Loyal
16465,420,2,746.24,1,2,3,123,6,"At Risk"
14050,31,2,746.36,4,3,3,433,10,Other
17760,21,6,746.39,4,4,3,443,11,Loyal
17889,212,7,746.42,2,4,3,243,9,Loyal
14942,401,4,746.56,2,3,3,233,8,"At Risk"
17387,19,2,746.81,4,3,3,433,10,Other
13108,372,2,748.46,2,2,3,223,7,"At Risk"
15656,45,4,748.50,4,4,3,443,11,Loyal
14048,305,3,748.69,2,3,3,233,8,"At Risk"
16972,382,2,749.00,2,2,3,223,7,"At Risk"
14923,50,1,749.10,4,2,3,423,9,Other
13070,192,4,751.70,2,3,3,233,8,"At Risk"
13030,11,2,752.44,5,3,3,533,11,Other
13730,135,2,752.60,3,2,3,323,8,Other
14998,170,4,753.18,3,3,3,333,9,Other
17579,4,4,753.28,5,4,3,543,12,Loyal
14247,278,5,753.56,2,4,3,243,9,Loyal
14234,22,4,754.12,4,4,3,443,11,Loyal
18034,21,3,754.20,4,3,3,433,10,Other
18104,37,1,754.64,4,1,3,413,8,Other
16892,1,7,754.75,5,4,3,543,12,Loyal
13370,371,1,754.87,2,1,3,213,6,"At Risk"
16262,378,1,755.15,2,1,3,213,6,"At Risk"
16411,19,4,756.39,5,4,3,543,12,Loyal
14176,297,5,756.46,2,4,3,243,9,Loyal
16392,269,3,756.70,2,3,3,233,8,"At Risk"
13034,54,3,756.82,4,3,3,433,10,Other
15006,51,2,757.78,4,2,3,423,9,Other
15568,2,3,758.29,5,3,3,533,11,Other
15908,490,2,758.62,1,2,3,123,6,"At Risk"
16720,26,3,758.74,4,3,3,433,10,Other
18246,23,3,758.82,4,3,3,433,10,Other
17425,19,2,759.17,4,3,3,433,10,Other
14883,18,6,761.59,5,4,3,543,12,Loyal
13598,47,5,761.96,4,4,3,443,11,Loyal
16806,103,4,762.16,3,3,3,333,9,Other
15428,15,4,762.75,5,4,3,543,12,Loyal
17466,10,2,763.28,5,3,3,533,11,Other
16602,36,2,763.33,4,3,3,433,10,Other
13699,155,2,764.15,3,2,3,323,8,Other
14413,362,4,764.52,2,3,3,233,8,"At Risk"
12991,23,3,764.82,4,3,3,433,10,Other
13712,246,2,766.42,2,2,3,223,7,"At Risk"
15331,499,3,767.91,1,3,3,133,7,"At Risk"
13356,80,1,768.24,3,2,3,323,8,Other
13980,60,5,768.82,3,4,3,343,10,Loyal
16978,77,3,768.88,3,3,3,333,9,Other
16480,75,1,769.29,3,2,3,323,8,Other
12965,89,1,769.81,3,2,3,323,8,Other
14838,423,2,769.92,1,2,3,123,6,"At Risk"
17801,451,3,770.03,1,3,3,133,7,"At Risk"
12923,64,3,770.42,3,3,3,333,9,Other
17349,179,5,772.41,3,4,3,343,10,Loyal
15075,77,1,773.03,3,2,3,323,8,Other
16565,364,4,773.05,2,3,3,233,8,"At Risk"
18112,12,4,773.36,5,4,3,543,12,Loyal
18058,9,3,774.06,5,3,3,533,11,Other
15773,5,2,774.52,5,3,3,533,11,Other
15414,9,3,774.90,5,3,3,533,11,Other
15921,172,4,775.26,3,3,3,333,9,Other
17482,487,2,775.64,1,2,3,123,6,"At Risk"
13341,260,1,775.85,2,2,3,223,7,"At Risk"
13314,1,3,775.94,5,3,3,533,11,Other
15743,16,4,775.96,5,4,3,543,12,Loyal
15092,215,3,776.46,2,3,3,233,8,"At Risk"
14997,46,4,776.60,4,4,3,443,11,Loyal
12808,36,5,776.70,4,4,3,443,11,Loyal
15618,32,4,776.85,4,4,3,443,11,Loyal
15794,736,2,777.00,1,2,3,123,6,"At Risk"
15837,64,2,777.01,3,2,3,323,8,Other
13745,162,2,777.36,3,2,3,323,8,Other
13563,84,2,777.53,3,2,3,323,8,Other
16505,31,1,777.60,4,1,3,413,8,Other
14690,44,4,777.68,4,4,3,443,11,Loyal
16958,435,1,778.49,1,1,3,113,5,"At Risk"
14815,36,2,778.50,4,3,3,433,10,Other
13781,250,3,778.83,2,3,3,233,8,"At Risk"
12504,18,4,779.05,5,4,3,543,12,Loyal
12735,315,2,779.57,2,2,3,223,7,"At Risk"
18228,56,2,779.90,4,2,3,423,9,Other
15246,238,3,780.40,2,3,3,233,8,"At Risk"
13502,16,5,780.50,5,4,3,543,12,Loyal
15239,10,2,780.59,5,3,3,533,11,Other
15679,24,4,781.28,4,4,3,443,11,Loyal
13287,603,3,781.59,1,3,3,133,7,"At Risk"
13453,165,3,781.69,3,3,3,333,9,Other
17255,40,4,781.70,4,4,3,443,11,Loyal
15952,33,4,781.91,4,4,3,443,11,Loyal
16836,39,4,782.37,4,4,3,443,11,Loyal
12761,457,2,782.95,1,2,3,123,6,"At Risk"
15714,11,5,783.96,5,4,3,543,12,Loyal
13415,472,4,784.17,1,3,3,133,7,"At Risk"
13595,516,3,784.48,1,3,3,133,7,"At Risk"
15806,46,3,784.58,4,3,3,433,10,Other
15646,157,5,784.81,3,4,3,343,10,Loyal
13541,427,2,785.25,1,2,3,123,6,"At Risk"
13770,422,4,785.37,1,3,3,133,7,"At Risk"
16739,176,2,786.43,3,2,3,323,8,Other
12628,4,3,786.46,5,3,3,533,11,Other
14463,98,4,786.57,3,3,3,333,9,Other
13212,19,3,786.83,4,3,3,433,10,Other
16468,74,3,787.52,3,3,3,333,9,Other
13323,3,5,787.85,5,4,3,543,12,Loyal
14513,100,6,788.01,3,4,3,343,10,Loyal
17817,4,6,788.15,5,4,3,543,12,Loyal
14557,85,1,788.38,3,2,3,323,8,Other
17952,378,4,788.46,2,3,3,233,8,"At Risk"
15448,312,2,788.81,2,2,3,223,7,"At Risk"
16472,434,2,789.60,1,2,3,123,6,"At Risk"
16759,7,3,789.79,5,3,3,533,11,Other
13016,73,3,789.89,3,3,3,333,9,Other
14656,169,5,790.00,3,4,3,343,10,Loyal
13544,39,6,790.20,4,4,3,443,11,Loyal
13484,241,3,790.72,2,3,3,233,8,"At Risk"
14976,57,7,790.86,4,4,3,443,11,Loyal
14022,225,2,792.15,2,2,3,223,7,"At Risk"
13296,137,6,792.51,3,4,3,343,10,Loyal
17212,253,3,794.41,2,3,3,233,8,"At Risk"
16961,116,3,794.56,3,3,3,333,9,Other
15831,58,3,794.64,4,3,3,433,10,Other
13336,77,1,795.12,3,2,3,323,8,Other
18084,16,3,795.23,5,3,3,533,11,Other
16952,109,5,795.83,3,4,3,343,10,Loyal
15396,112,2,796.38,3,2,3,323,8,Other
15304,60,9,796.40,3,5,3,353,11,Loyal
16155,381,5,796.90,2,4,3,243,9,Loyal
15637,52,5,797.59,4,4,3,443,11,Loyal
17281,374,6,797.85,2,4,3,243,9,Loyal
15309,610,4,797.96,1,3,3,133,7,"At Risk"
13389,11,3,797.96,5,3,3,533,11,Other
16438,5,5,798.35,5,4,3,543,12,Loyal
17251,362,3,798.98,2,3,3,233,8,"At Risk"
13041,450,4,799.13,1,3,3,133,7,"At Risk"
13720,116,4,799.90,3,3,3,333,9,Other
17023,417,3,800.18,1,3,3,133,7,"At Risk"
17114,5,8,801.12,5,5,3,553,13,Loyal
16127,39,2,801.31,4,3,3,433,10,Other
18265,72,2,801.51,3,2,3,323,8,Other
15644,166,4,803.54,3,3,3,333,9,Other
16469,23,5,803.90,4,4,3,443,11,Loyal
18248,122,2,804.02,3,2,3,323,8,Other
13637,52,3,804.30,4,3,3,433,10,Other
12632,520,2,804.88,1,2,3,123,6,"At Risk"
17495,7,3,806.72,5,3,3,533,11,Other
15533,19,3,807.57,5,3,3,533,11,Other
13045,99,3,808.92,3,3,3,333,9,Other
16624,80,2,810.57,3,2,3,323,8,Other
16460,28,3,811.23,4,3,3,433,10,Other
17194,273,3,812.50,2,3,3,233,8,"At Risk"
16621,51,4,813.48,4,4,3,443,11,Loyal
17869,107,7,813.64,3,4,3,343,10,Loyal
14624,57,6,814.07,4,4,3,443,11,Loyal
13811,183,3,814.50,3,3,3,333,9,Other
14556,596,3,815.69,1,3,3,133,7,"At Risk"
15399,1,3,815.77,5,3,3,533,11,Other
13514,73,4,815.90,3,3,3,333,9,Other
14872,483,3,816.60,1,3,3,133,7,"At Risk"
15180,367,3,816.93,2,3,3,233,8,"At Risk"
16869,22,4,817.12,4,4,3,443,11,Loyal
14890,253,3,817.25,2,3,3,233,8,"At Risk"
15483,161,10,817.82,3,5,3,353,11,Loyal
13612,632,1,818.29,1,1,3,113,5,"At Risk"
16048,373,4,818.79,2,3,3,233,8,"At Risk"
17683,385,3,819.01,2,3,3,233,8,"At Risk"
16135,262,2,819.45,2,2,3,223,7,"At Risk"
15314,199,3,820.45,2,3,3,233,8,"At Risk"
13893,297,1,821.10,2,1,3,213,6,"At Risk"
16246,459,2,821.35,1,2,3,123,6,"At Risk"
16680,43,3,821.45,4,3,3,433,10,Other
16164,17,3,822.48,5,3,3,533,11,Other
15847,38,5,822.57,4,4,3,443,11,Loyal
14508,22,5,822.92,4,4,3,443,11,Loyal
15137,520,2,823.40,1,2,3,123,6,"At Risk"
16264,438,2,823.53,1,2,3,123,6,"At Risk"
14260,471,3,824.28,1,3,3,133,7,"At Risk"
15107,311,9,824.35,2,5,3,253,10,Loyal
13513,126,3,824.59,3,3,3,333,9,Other
17880,364,3,824.92,2,3,3,233,8,"At Risk"
12427,21,3,825.80,4,3,3,433,10,Other
16494,296,1,826.53,2,1,3,213,6,"At Risk"
12781,63,2,826.74,3,2,3,323,8,Other
12461,94,2,826.88,3,2,3,323,8,Other
12792,256,2,827.01,2,2,3,223,7,"At Risk"
17045,113,5,827.68,3,4,3,343,10,Loyal
13681,17,4,827.83,5,4,3,543,12,Loyal
17003,402,4,828.21,2,3,3,233,8,"At Risk"
15617,396,3,828.55,2,3,3,233,8,"At Risk"
12953,9,2,828.81,5,3,3,533,11,Other
12730,521,1,829.25,1,1,3,113,5,"At Risk"
14851,23,3,829.41,4,3,3,433,10,Other
14087,2,3,829.47,5,3,3,533,11,Other
16924,21,3,829.89,4,3,3,433,10,Other
15759,218,7,830.93,2,4,3,243,9,Loyal
15766,64,3,831.06,3,3,3,333,9,Other
13175,582,2,831.45,1,2,3,123,6,"At Risk"
12903,428,1,833.53,1,1,3,113,5,"At Risk"
16644,177,2,833.78,3,2,3,323,8,Other
16863,31,3,834.27,4,3,3,433,10,Other
15190,434,1,834.44,1,1,3,113,5,"At Risk"
16737,53,2,835.20,4,2,3,423,9,Other
13386,414,2,835.46,1,2,3,123,6,"At Risk"
16747,37,2,836.06,4,3,3,433,10,Other
13795,388,4,836.30,2,3,3,233,8,"At Risk"
14929,32,2,836.69,4,3,3,433,10,Other
15832,254,1,836.79,2,2,3,223,7,"At Risk"
14037,176,6,836.95,3,4,3,343,10,Loyal
17332,528,5,838.27,1,4,3,143,8,Loyal
13940,17,4,839.14,5,4,3,543,12,Loyal
15713,143,4,839.64,3,3,3,333,9,Other
18247,414,3,839.73,1,3,3,133,7,"At Risk"
14355,365,3,840.05,2,3,3,233,8,"At Risk"
13169,63,3,840.08,3,3,3,333,9,Other
12891,185,11,840.50,3,5,3,353,11,Loyal
16798,554,3,841.16,1,3,3,133,7,"At Risk"
14862,25,2,841.20,4,3,3,433,10,Other
16810,192,2,842.04,2,2,3,223,7,"At Risk"
17638,647,2,842.40,1,2,3,123,6,"At Risk"
16846,50,3,842.41,4,3,3,433,10,Other
16344,158,4,842.42,3,3,3,333,9,Other
14922,393,2,843.74,2,2,3,223,7,"At Risk"
16500,4,9,843.91,5,5,3,553,13,Loyal
14803,162,3,845.55,3,3,3,333,9,Other
13970,386,2,846.55,2,2,3,223,7,"At Risk"
16877,12,6,846.62,5,4,3,543,12,Loyal
13487,57,5,846.87,4,4,3,443,11,Loyal
13221,240,2,847.41,2,2,3,223,7,"At Risk"
14202,381,3,847.76,2,3,3,233,8,"At Risk"
15784,467,2,848.33,1,2,3,123,6,"At Risk"
15264,64,2,848.40,3,2,3,323,8,Other
12713,0,1,848.55,5,1,3,513,9,Other
18108,254,3,848.81,2,3,3,233,8,"At Risk"
16020,16,3,851.01,5,3,3,533,11,Other
13479,200,4,851.37,2,3,3,233,8,"At Risk"
12696,434,2,851.91,1,2,3,123,6,"At Risk"
16070,22,2,852.15,4,3,3,433,10,Other
15266,338,5,852.21,2,4,3,243,9,Loyal
14686,414,5,852.53,1,4,3,143,8,Loyal
13991,12,6,852.88,5,4,3,543,12,Loyal
14873,210,2,854.13,2,2,3,223,7,"At Risk"
13945,394,2,854.15,2,2,3,223,7,"At Risk"
12878,236,2,854.99,2,2,3,223,7,"At Risk"
17064,58,3,855.45,4,3,3,433,10,Other
15542,512,3,855.71,1,3,3,133,7,"At Risk"
17161,444,1,856.01,1,1,3,113,5,"At Risk"
15287,22,5,856.03,4,4,3,443,11,Loyal
15870,32,4,857.46,4,4,3,443,11,Loyal
12440,462,2,859.20,1,2,3,123,6,"At Risk"
13891,378,3,859.21,2,3,3,233,8,"At Risk"
14372,443,2,860.08,1,2,3,123,6,"At Risk"
13339,200,1,860.12,2,2,3,223,7,"At Risk"
12794,53,2,860.41,4,2,3,423,9,Other
17358,303,5,861.01,2,4,3,243,9,Loyal
12787,9,4,862.18,5,4,3,543,12,Loyal
16668,15,13,862.42,5,5,3,553,13,Loyal
12791,373,6,863.51,2,4,3,243,9,Loyal
14600,305,2,865.17,2,2,3,223,7,"At Risk"
13922,351,3,865.20,2,3,3,233,8,"At Risk"
16567,194,2,865.60,2,2,3,223,7,"At Risk"
17167,379,3,867.11,2,3,3,233,8,"At Risk"
16357,33,4,868.37,4,4,3,443,11,Loyal
16948,138,7,868.77,3,4,3,343,10,Loyal
14753,87,2,869.51,3,2,3,323,8,Other
17566,8,2,869.77,5,3,3,533,11,Other
13200,19,4,870.09,4,4,3,443,11,Loyal
15224,358,5,871.36,2,4,3,243,9,Loyal
17361,49,5,871.79,4,4,3,443,11,Loyal
14437,365,5,873.34,2,4,3,243,9,Loyal
15469,50,3,874.25,4,3,3,433,10,Other
16657,9,4,874.43,5,4,3,543,12,Loyal
16513,4,4,874.59,5,4,3,543,12,Loyal
14681,71,6,875.15,3,4,3,343,10,Loyal
13166,283,2,875.93,2,2,3,223,7,"At Risk"
13768,726,2,875.97,1,2,3,123,6,"At Risk"
17864,12,5,876.57,5,4,3,543,12,Loyal
14645,156,3,876.89,3,3,3,333,9,Other
15653,92,2,877.44,3,2,3,323,8,Other
14612,415,1,877.70,1,1,3,113,5,"At Risk"
14551,18,7,878.09,5,4,3,543,12,Loyal
13937,169,2,880.13,3,2,3,323,8,Other
16677,411,2,880.62,1,2,3,123,6,"At Risk"
12680,0,4,880.81,5,4,3,543,12,Loyal
17143,417,2,880.97,1,2,3,123,6,"At Risk"
16385,60,5,881.35,3,4,3,343,10,Loyal
17480,77,2,882.23,3,2,3,323,8,Other
16387,322,5,882.46,2,4,3,243,9,Loyal
18141,401,2,882.47,2,2,3,223,7,"At Risk"
15907,3,3,882.72,5,3,3,533,11,Other
17708,187,4,884.18,3,3,3,333,9,Other
17704,168,2,885.19,3,2,3,323,8,Other
16898,26,5,885.21,4,4,3,443,11,Loyal
12793,334,3,885.53,2,3,3,233,8,"At Risk"
16228,385,3,885.71,2,3,3,233,8,"At Risk"
15900,23,4,886.57,4,4,3,443,11,Loyal
16900,16,3,887.11,5,3,3,533,11,Other
17537,29,2,887.67,4,3,3,433,10,Other
14813,369,4,888.91,2,3,3,233,8,"At Risk"
17062,313,6,889.75,2,4,3,243,9,Loyal
15525,2,4,890.22,5,4,3,543,12,Loyal
15824,453,2,890.94,1,2,3,123,6,"At Risk"
14065,389,3,891.02,2,3,3,233,8,"At Risk"
16361,9,4,891.21,5,4,3,543,12,Loyal
15393,16,5,891.34,5,4,3,543,12,Loyal
16442,1,5,891.98,5,4,3,543,12,Loyal
16784,19,5,892.33,5,4,3,543,12,Loyal
17155,17,7,892.46,5,4,3,543,12,Loyal
12772,59,1,892.47,3,2,3,323,8,Other
15066,53,1,893.59,4,2,3,423,9,Other
15211,60,2,894.41,3,2,3,323,8,Other
17226,308,3,895.47,2,3,3,233,8,"At Risk"
16122,73,6,895.62,3,4,3,343,10,Loyal
13996,386,2,895.76,2,2,3,223,7,"At Risk"
15992,3,3,896.60,5,3,3,533,11,Other
15710,417,1,898.87,1,1,3,113,5,"At Risk"
16834,227,2,898.96,2,2,3,223,7,"At Risk"
12940,54,2,899.69,4,2,3,423,9,Other
12945,288,2,900.11,2,2,3,223,7,"At Risk"
15511,11,5,900.53,5,4,3,543,12,Loyal
13548,96,3,901.44,3,3,3,333,9,Other
16916,23,4,902.02,4,4,3,443,11,Loyal
17382,65,8,902.28,3,4,3,343,10,Loyal
17176,201,3,902.32,2,3,3,233,8,"At Risk"
17746,240,4,904.18,2,3,3,233,8,"At Risk"
13573,50,6,904.52,4,4,3,443,11,Loyal
14969,703,1,906.23,1,1,3,113,5,"At Risk"
14714,24,4,906.24,4,4,3,443,11,Loyal
17464,158,3,907.14,3,3,3,333,9,Other
15097,4,3,908.35,5,3,3,533,11,Other
13038,80,3,908.46,3,3,3,333,9,Other
16138,378,3,910.35,2,3,3,233,8,"At Risk"
14133,129,4,911.14,3,3,3,333,9,Other
14289,8,6,911.26,5,4,3,543,12,Loyal
16034,196,6,911.32,2,4,3,243,9,Loyal
17812,12,7,911.99,5,4,3,543,12,Loyal
15244,65,3,912.08,3,3,3,333,9,Other
14359,19,3,912.18,4,3,3,433,10,Other
15364,95,2,913.19,3,2,3,323,8,Other
14549,311,4,913.60,2,3,3,233,8,"At Risk"
16216,267,1,914.93,2,2,3,223,7,"At Risk"
14141,2,4,915.13,5,4,3,543,12,Loyal
14839,418,3,915.28,1,3,3,133,7,"At Risk"
14423,218,3,916.61,2,3,3,233,8,"At Risk"
15707,35,4,916.98,4,4,3,443,11,Loyal
14015,52,1,917.34,4,2,3,423,9,Other
14061,507,3,917.43,1,3,3,133,7,"At Risk"
12368,628,1,917.70,1,1,3,113,5,"At Risk"
14342,21,6,918.44,4,4,3,443,11,Loyal
16204,23,3,918.71,4,3,3,433,10,Other
13872,527,3,919.57,1,3,3,133,7,"At Risk"
13075,129,1,919.61,3,2,3,323,8,Other
14568,435,1,919.70,1,1,3,113,5,"At Risk"
12998,492,3,920.08,1,3,3,133,7,"At Risk"
17363,395,3,920.46,2,3,3,233,8,"At Risk"
14272,73,4,920.81,3,3,3,333,9,Other
15957,31,3,921.25,4,3,3,433,10,Other
15576,37,1,921.37,4,1,3,413,8,Other
12638,33,2,921.49,4,3,3,433,10,Other
14605,374,4,921.56,2,3,3,233,8,"At Risk"
13934,263,1,922.10,2,2,3,223,7,"At Risk"
16362,32,6,922.16,4,4,3,443,11,Loyal
17472,191,4,922.35,2,3,3,233,8,"At Risk"
13122,94,2,922.39,3,2,3,323,8,Other
15654,9,2,922.53,5,3,3,533,11,Other
17322,376,5,922.59,2,4,3,243,9,Loyal
16643,245,2,923.11,2,2,3,223,7,"At Risk"
18001,12,6,924.14,5,4,3,543,12,Loyal
14128,60,3,924.21,3,3,3,333,9,Other
13805,52,2,924.60,4,2,3,423,9,Other
12745,486,3,925.41,1,3,3,133,7,"At Risk"
16975,423,3,926.12,1,3,3,133,7,"At Risk"
17805,73,2,927.03,3,2,3,323,8,Other
15243,74,2,927.28,3,2,3,323,8,Other
13288,443,5,927.61,1,4,3,143,8,Loyal
14338,161,3,928.10,3,3,3,333,9,Other
15723,364,4,930.70,2,3,3,233,8,"At Risk"
14924,245,3,931.01,2,3,3,233,8,"At Risk"
13465,446,2,931.12,1,2,3,123,6,"At Risk"
12396,674,1,931.43,1,1,3,113,5,"At Risk"
18133,212,1,931.50,2,2,3,223,7,"At Risk"
18154,3,5,932.60,5,4,3,543,12,Loyal
16661,540,4,932.76,1,3,3,133,7,"At Risk"
15787,26,3,933.26,4,3,3,433,10,Other
15792,399,2,933.84,2,2,3,223,7,"At Risk"
14140,3,2,935.05,5,3,3,533,11,Other
17020,542,2,935.62,1,2,3,123,6,"At Risk"
17527,53,4,939.37,4,4,3,443,11,Loyal
16109,218,3,939.48,2,3,3,233,8,"At Risk"
13936,179,3,939.66,3,3,3,333,9,Other
13416,43,3,940.80,4,3,3,433,10,Other
14326,242,3,940.98,2,3,3,233,8,"At Risk"
14958,147,6,941.99,3,4,3,343,10,Loyal
15385,40,3,942.08,4,3,3,433,10,Other
17604,217,6,942.38,2,4,3,243,9,Loyal
16199,392,7,942.75,2,4,3,243,9,Loyal
16203,58,6,943.84,4,4,3,443,11,Loyal
13261,268,2,944.10,2,2,3,223,7,"At Risk"
17544,390,3,944.82,2,3,3,233,8,"At Risk"
18217,29,4,945.04,4,4,3,443,11,Loyal
16146,157,4,946.38,3,3,3,333,9,Other
17356,311,5,946.47,2,4,3,243,9,Loyal
16861,59,5,946.59,3,4,3,343,10,Loyal
14994,382,5,946.72,2,4,3,243,9,Loyal
16136,59,4,946.80,3,4,3,343,10,Loyal
17516,15,6,947.50,5,4,3,543,12,Loyal
12355,214,2,947.61,2,2,3,223,7,"At Risk"
12874,385,2,948.42,2,2,3,223,7,"At Risk"
12822,70,2,948.88,3,2,3,323,8,Other
15177,425,1,948.93,1,1,3,113,5,"At Risk"
13636,36,5,949.12,4,4,3,443,11,Loyal
13046,30,3,949.25,4,3,3,433,10,Other
17081,25,6,949.39,4,4,3,443,11,Loyal
12767,375,1,949.82,2,1,3,213,6,"At Risk"
17955,198,6,949.90,2,4,3,243,9,Loyal
14615,394,5,951.76,2,4,3,243,9,Loyal
12414,217,6,952.41,2,4,3,243,9,Loyal
17420,50,6,953.58,4,4,3,443,11,Loyal
17189,106,5,953.63,3,4,3,343,10,Loyal
15835,44,4,954.09,4,4,3,443,11,Loyal
17298,101,5,954.26,3,4,3,343,10,Loyal
15430,467,2,954.75,1,2,3,123,6,"At Risk"
12505,408,1,955.20,2,1,3,213,6,"At Risk"
16947,235,5,955.21,2,4,3,243,9,Loyal
14629,4,2,955.26,5,3,3,533,11,Other
12990,31,7,955.50,4,4,3,443,11,Loyal
16141,88,2,955.94,3,2,3,323,8,Other
17172,78,3,956.57,3,3,3,333,9,Other
12675,553,2,957.25,1,2,3,123,6,"At Risk"
17080,22,7,957.53,4,4,3,443,11,Loyal
12697,28,3,957.59,4,3,3,433,10,Other
18192,71,1,957.97,3,2,3,323,8,Other
12588,39,4,958.78,4,4,3,443,11,Loyal
16518,61,4,959.37,3,3,3,333,9,Other
15156,1,3,961.49,5,3,3,533,11,Other
15268,478,3,961.90,1,3,3,133,7,"At Risk"
15028,8,6,962.94,5,4,3,543,12,Loyal
16763,198,2,964.70,2,2,3,223,7,"At Risk"
12550,79,1,964.83,3,2,3,323,8,Other
15084,379,2,965.20,2,2,3,223,7,"At Risk"
17987,185,5,965.44,3,4,3,343,10,Loyal
14138,1,2,965.88,5,3,3,533,11,Other
13204,731,1,966.66,1,1,3,113,5,"At Risk"
16254,378,3,967.44,2,3,3,233,8,"At Risk"
13223,200,6,969.12,2,4,3,243,9,Loyal
18006,23,4,969.51,4,4,3,443,11,Loyal
15208,1,6,970.52,5,4,3,543,12,Loyal
14953,25,4,971.32,4,4,3,443,11,Loyal
17100,18,2,971.74,5,3,3,533,11,Other
14350,274,3,972.03,2,3,3,233,8,"At Risk"
16535,5,3,972.04,5,3,3,533,11,Other
16009,22,4,972.11,4,4,3,443,11,Loyal
12525,498,3,973.73,1,3,3,133,7,"At Risk"
17958,116,2,973.88,3,2,3,323,8,Other
12994,4,3,974.42,5,3,3,533,11,Other
15449,26,3,974.52,4,3,3,433,10,Other
16376,8,2,974.96,5,3,3,533,11,Other
12915,148,4,975.10,3,3,3,333,9,Other
17456,365,2,975.56,2,2,3,223,7,"At Risk"
15406,31,4,975.87,4,4,3,443,11,Loyal
15247,122,3,976.06,3,3,3,333,9,Other
17221,7,5,976.62,5,4,3,543,12,Loyal
17123,161,3,977.17,3,3,3,333,9,Other
14454,376,5,977.30,2,4,3,243,9,Loyal
15132,18,5,977.93,5,4,3,543,12,Loyal
14157,19,5,978.69,4,4,3,443,11,Loyal
13350,16,2,979.12,5,3,3,533,11,Other
17369,455,1,979.20,1,1,3,113,5,"At Risk"
15025,33,2,979.79,4,3,3,433,10,Other
14230,435,3,979.80,1,3,3,133,7,"At Risk"
14510,375,3,979.85,2,3,3,233,8,"At Risk"
12543,448,1,980.25,1,1,3,113,5,"At Risk"
12541,29,3,981.18,4,3,3,433,10,Other
15109,245,3,983.10,2,3,3,233,8,"At Risk"
17144,1,2,984.57,5,3,3,533,11,Other
12862,425,2,984.62,1,2,3,123,6,"At Risk"
13439,255,3,986.61,2,3,3,233,8,"At Risk"
18237,2,5,987.10,5,4,3,543,12,Loyal
16130,422,4,987.48,1,3,3,133,7,"At Risk"
15176,667,1,988.04,1,1,3,113,5,"At Risk"
17883,3,7,988.42,5,4,3,543,12,Loyal
13245,50,2,989.22,4,2,3,423,9,Other
13559,512,2,990.00,1,2,3,123,6,"At Risk"
14223,92,3,991.13,3,3,3,333,9,Other
17299,11,6,993.23,5,4,3,543,12,Loyal
15104,196,2,993.54,2,2,3,223,7,"At Risk"
17237,11,4,994.13,5,4,3,543,12,Loyal
13292,38,5,994.51,4,4,3,443,11,Loyal
16699,380,7,994.60,2,4,3,243,9,Loyal
13965,476,3,996.61,1,3,3,133,7,"At Risk"
12722,85,4,997.63,3,3,3,333,9,Other
17631,1,7,998.49,5,4,3,543,12,Loyal
17329,14,5,998.53,5,4,3,543,12,Loyal
17205,53,3,999.35,4,3,3,433,10,Other
12413,66,4,999.45,3,3,3,333,9,Other
13005,173,4,999.68,3,3,3,333,9,Other
18143,116,2,1000.16,3,2,3,323,8,Other
15508,189,6,1000.27,2,4,3,243,9,Loyal
12545,75,2,1000.39,3,2,3,323,8,Other
14255,546,1,1000.63,1,1,3,113,5,"At Risk"
13857,393,6,1001.01,2,4,3,243,9,Loyal
12446,57,1,1002.31,4,2,3,423,9,Other
16435,512,3,1003.07,1,3,3,133,7,"At Risk"
18160,57,3,1003.88,4,3,3,433,10,Other
14214,30,5,1004.38,4,4,3,443,11,Loyal
13867,31,3,1005.09,4,3,3,433,10,Other
13549,25,8,1005.80,4,4,3,443,11,Loyal
12703,71,4,1006.53,3,3,3,333,9,Other
13427,19,6,1006.53,4,4,3,443,11,Loyal
15771,604,3,1006.54,1,3,3,133,7,"At Risk"
13238,17,6,1006.63,5,4,3,543,12,Loyal
15850,19,6,1006.75,5,4,3,543,12,Loyal
13429,10,4,1006.80,5,4,3,543,12,Loyal
16287,169,5,1006.98,3,4,3,343,10,Loyal
13258,11,5,1009.43,5,4,3,543,12,Loyal
16572,127,3,1009.60,3,3,3,333,9,Other
13039,584,4,1010.73,1,3,3,133,7,"At Risk"
14775,58,3,1011.90,4,3,3,433,10,Other
17980,165,4,1012.72,3,3,3,333,9,Other
17197,29,1,1013.01,4,1,3,413,8,Other
16451,87,3,1013.15,3,3,3,333,9,Other
15951,8,3,1013.17,5,3,3,533,11,Other
12642,25,3,1013.26,4,3,3,433,10,Other
13466,184,5,1013.35,3,4,3,343,10,Loyal
12410,308,3,1013.71,2,3,3,233,8,"At Risk"
16623,245,4,1015.24,2,3,3,233,8,"At Risk"
14675,16,2,1015.58,5,3,3,533,11,Other
13333,411,3,1015.74,1,3,3,133,7,"At Risk"
13641,640,5,1016.47,1,4,3,143,8,Loyal
12652,331,2,1017.03,2,2,3,223,7,"At Risk"
15970,303,2,1017.32,2,2,3,223,7,"At Risk"
16787,397,4,1017.53,2,3,3,233,8,"At Risk"
12905,576,2,1018.42,1,2,3,123,6,"At Risk"
16284,31,3,1018.48,4,3,3,433,10,Other
12828,2,6,1018.71,5,4,3,543,12,Loyal
16441,67,5,1019.13,3,4,3,343,10,Loyal
13956,5,5,1019.27,5,4,3,543,12,Loyal
12403,49,2,1019.36,4,2,3,423,9,Other
18074,373,2,1019.44,2,2,3,223,7,"At Risk"
18142,157,2,1019.52,3,2,3,323,8,Other
13376,99,3,1019.76,3,3,3,333,9,Other
12572,8,2,1020.42,5,3,3,533,11,Other
16568,427,2,1020.90,1,2,3,123,6,"At Risk"
17362,239,7,1024.04,2,4,3,243,9,Loyal
14204,2,4,1024.83,5,4,3,543,12,Loyal
17310,387,2,1025.10,2,2,3,223,7,"At Risk"
13602,64,4,1025.17,3,3,3,333,9,Other
16160,65,2,1025.44,3,2,3,323,8,Other
17749,178,3,1026.18,3,3,3,333,9,Other
15003,473,6,1027.03,1,4,3,143,8,Loyal
15887,406,3,1027.15,2,3,3,233,8,"At Risk"
16227,225,3,1027.22,2,3,3,233,8,"At Risk"
16682,4,5,1028.00,5,4,3,543,12,Loyal
15333,208,1,1028.56,2,2,3,223,7,"At Risk"
16418,44,5,1028.74,4,4,3,443,11,Loyal
16198,75,2,1030.04,3,2,3,323,8,Other
13235,212,1,1031.07,2,2,3,223,7,"At Risk"
17405,1,3,1031.41,5,3,3,533,11,Other
13000,106,4,1032.50,3,3,3,333,9,Other
14248,318,3,1032.95,2,3,3,233,8,"At Risk"
17724,71,3,1033.00,3,3,3,333,9,Other
12811,260,5,1033.90,2,4,3,243,9,Loyal
16260,50,1,1035.45,4,2,3,423,9,Other
17926,133,5,1035.49,3,4,3,343,10,Loyal
14902,25,3,1035.62,4,3,3,433,10,Other
17042,2,5,1036.58,5,4,3,543,12,Loyal
12486,431,1,1037.28,1,1,3,113,5,"At Risk"
13873,119,8,1038.92,3,4,3,343,10,Loyal
13613,452,5,1039.85,1,4,3,143,8,Loyal
16261,17,6,1041.16,5,4,3,543,12,Loyal
16991,421,1,1041.21,1,1,3,113,5,"At Risk"
16903,29,3,1041.75,4,3,3,433,10,Other
13359,63,2,1043.31,3,2,3,323,8,Other
15535,173,6,1044.37,3,4,3,343,10,Loyal
15464,338,1,1044.65,2,1,3,213,6,"At Risk"
14108,30,4,1044.96,4,4,3,443,11,Loyal
17555,19,5,1045.74,4,4,3,443,11,Loyal
15091,67,3,1046.61,3,3,3,333,9,Other
15407,33,4,1046.74,4,4,3,443,11,Loyal
17474,599,1,1047.00,1,1,3,113,5,"At Risk"
17578,218,7,1047.33,2,4,3,243,9,Loyal
16728,46,4,1048.28,4,4,3,443,11,Loyal
15839,33,3,1048.49,4,3,3,433,10,Other
15026,80,5,1048.89,3,4,3,343,10,Loyal
17934,51,3,1049.15,4,3,3,433,10,Other
13775,590,1,1049.66,1,1,3,113,5,"At Risk"
14947,72,6,1049.79,3,4,3,343,10,Loyal
16391,400,4,1052.26,2,3,3,233,8,"At Risk"
15855,136,6,1052.72,3,4,3,343,10,Loyal
15886,60,4,1052.87,3,4,3,343,10,Loyal
12580,246,2,1052.90,2,2,3,223,7,"At Risk"
12716,3,2,1053.49,5,3,3,533,11,Other
15977,17,2,1054.73,5,3,3,533,11,Other
13140,108,5,1054.92,3,4,3,343,10,Loyal
13065,373,5,1055.05,2,4,3,243,9,Loyal
15645,18,3,1055.17,5,3,3,533,11,Other
14734,425,4,1056.42,1,3,3,133,7,"At Risk"
17214,60,6,1059.12,3,4,3,343,10,Loyal
18130,15,3,1059.39,5,3,3,533,11,Other
17421,386,3,1059.41,2,3,3,233,8,"At Risk"
17727,15,1,1060.25,5,1,3,513,9,Other
15706,63,4,1060.56,3,3,3,333,9,Other
14411,310,1,1063.00,2,1,3,213,6,"At Risk"
12815,147,2,1063.46,3,2,3,323,8,Other
17849,218,8,1063.76,2,4,3,243,9,Loyal
12936,17,4,1063.90,5,4,3,543,12,Loyal
15801,46,3,1063.95,4,3,3,433,10,Other
14966,14,6,1064.26,5,4,3,543,12,Loyal
14488,67,1,1064.28,3,2,3,323,8,Other
13959,79,6,1064.77,3,4,3,343,10,Loyal
15639,134,3,1065.08,3,3,3,333,9,Other
17277,227,2,1065.35,2,2,3,223,7,"At Risk"
15626,74,3,1067.52,3,3,3,333,9,Other
15436,12,3,1067.75,5,3,3,533,11,Other
16386,28,3,1068.16,4,3,3,433,10,Other
17854,185,6,1068.50,3,4,3,343,10,Loyal
17871,204,5,1068.95,2,4,3,243,9,Loyal
12728,71,5,1070.17,3,4,3,343,10,Loyal
17522,1,5,1070.71,5,4,3,543,12,Loyal
16884,37,4,1070.97,4,4,3,443,11,Loyal
14484,50,4,1070.98,4,4,3,443,11,Loyal
16593,50,8,1071.14,4,4,3,443,11,Loyal
13521,1,3,1071.73,5,3,3,533,11,Other
12801,500,1,1071.82,1,1,3,113,5,"At Risk"
13467,10,2,1071.91,5,3,3,533,11,Other
15238,29,3,1071.99,4,3,3,433,10,Other
13727,28,8,1074.15,4,4,3,443,11,Loyal
16231,379,4,1074.47,2,3,3,233,8,"At Risk"
15912,178,9,1074.70,3,5,3,353,11,Loyal
13607,40,2,1075.81,4,2,3,423,9,Other
16071,44,4,1076.80,4,4,3,443,11,Loyal
17366,432,2,1077.24,1,2,3,123,6,"At Risk"
16642,4,3,1077.45,5,3,3,533,11,Other
16183,67,4,1077.81,3,3,3,333,9,Other
13656,164,4,1078.85,3,3,3,333,9,Other
14352,157,4,1078.96,3,3,3,333,9,Other
15546,606,2,1079.10,1,2,3,123,6,"At Risk"
13567,428,4,1079.29,1,3,3,133,7,"At Risk"
12354,232,1,1079.40,2,2,3,223,7,"At Risk"
13726,38,2,1079.66,4,3,3,433,10,Other
14343,421,4,1079.66,1,3,3,133,7,"At Risk"
13744,95,2,1080.52,3,2,3,323,8,Other
14561,75,3,1080.76,3,3,3,333,9,Other
14083,4,11,1082.19,5,5,3,553,13,Loyal
14805,15,7,1082.55,5,4,3,543,12,Loyal
16533,19,3,1082.81,5,3,3,533,11,Other
14013,110,5,1084.57,3,4,3,343,10,Loyal
16298,22,7,1085.70,4,4,3,443,11,Loyal
13546,12,5,1086.24,5,4,3,543,12,Loyal
14139,46,4,1086.80,4,4,3,443,11,Loyal
15763,31,2,1086.92,4,3,3,433,10,Other
16223,374,2,1087.05,2,2,3,223,7,"At Risk"
16188,44,5,1087.66,4,4,3,443,11,Loyal
15254,127,3,1088.35,3,3,3,333,9,Other
12534,130,1,1089.18,3,2,3,323,8,Other
13853,57,1,1090.14,4,2,3,423,9,Other
16211,88,3,1090.59,3,3,3,333,9,Other
16805,173,5,1091.34,3,4,3,343,10,Loyal
14199,218,4,1091.70,2,3,3,233,8,"At Risk"
17726,395,7,1092.06,2,4,3,243,9,Loyal
12803,393,1,1092.81,2,1,3,213,6,"At Risk"
14460,110,9,1093.50,3,5,3,353,11,Loyal
15745,19,4,1094.59,5,4,3,543,12,Loyal
17703,35,4,1094.84,4,4,3,443,11,Loyal
13835,25,7,1095.27,4,4,3,443,11,Loyal
14971,35,3,1097.98,4,3,3,433,10,Other
12421,15,6,1098.60,5,4,3,543,12,Loyal
17137,416,6,1099.81,1,4,3,143,8,Loyal
14009,198,3,1099.91,2,3,3,233,8,"At Risk"
16014,37,5,1100.28,4,4,3,443,11,Loyal
12785,364,3,1100.40,2,3,3,233,8,"At Risk"
15574,177,6,1101.44,3,4,3,343,10,Loyal
13295,359,4,1101.97,2,3,3,233,8,"At Risk"
14948,23,6,1101.97,4,4,3,443,11,Loyal
16895,64,5,1102.90,3,4,3,343,10,Loyal
12434,84,3,1103.43,3,3,3,333,9,Other
14102,5,5,1105.88,5,4,3,543,12,Loyal
14891,148,4,1106.73,3,3,3,333,9,Other
14375,185,3,1106.82,3,3,3,333,9,Other
15933,21,3,1107.46,4,3,3,433,10,Other
15828,375,1,1108.82,2,1,3,213,6,"At Risk"
15559,568,1,1109.40,1,1,3,113,5,"At Risk"
15069,179,1,1109.53,3,2,3,323,8,Other
16702,415,4,1110.83,1,3,3,133,7,"At Risk"
16139,18,5,1111.15,5,4,3,543,12,Loyal
12648,154,4,1112.00,3,3,3,333,9,Other
12679,58,4,1113.02,3,4,3,343,10,Loyal
14672,234,4,1113.14,2,3,3,233,8,"At Risk"
13509,8,8,1114.72,5,5,3,553,13,Loyal
14080,32,5,1115.68,4,4,3,443,11,Loyal
16769,260,4,1117.05,2,3,3,233,8,"At Risk"
16278,100,3,1117.84,3,3,3,333,9,Other
17788,73,2,1117.90,3,2,3,323,8,Other
16430,57,7,1117.94,4,4,3,443,11,Loyal
17423,46,3,1118.95,4,3,3,433,10,Other
16354,63,5,1119.46,3,4,3,343,10,Loyal
17007,50,7,1120.10,4,4,3,443,11,Loyal
16955,184,6,1120.31,3,4,3,343,10,Loyal
13589,14,6,1120.74,5,4,3,543,12,Loyal
13368,256,4,1121.50,2,3,3,233,8,"At Risk"
18218,211,4,1121.84,2,3,3,233,8,"At Risk"
17562,14,7,1122.38,5,4,3,543,12,Loyal
13486,78,3,1122.41,3,3,3,333,9,Other
17492,248,3,1122.42,2,3,3,233,8,"At Risk"
14917,596,2,1123.75,1,2,3,123,6,"At Risk"
13778,103,4,1124.49,3,3,3,333,9,Other
15882,198,8,1124.66,2,4,3,243,9,Loyal
14479,253,4,1124.71,2,3,3,233,8,"At Risk"
16306,213,7,1124.72,2,4,3,243,9,Loyal
13167,18,5,1125.15,5,4,3,543,12,Loyal
12503,584,1,1126.00,1,1,3,113,5,"At Risk"
15969,2,5,1127.05,5,4,3,543,12,Loyal
14671,549,2,1127.45,1,2,3,123,6,"At Risk"
12373,311,3,1127.65,2,3,3,233,8,"At Risk"
14450,180,7,1128.44,3,4,3,343,10,Loyal
13145,39,7,1128.52,4,4,3,443,11,Loyal
13447,23,3,1129.14,4,3,3,433,10,Other
17622,597,2,1130.21,1,2,3,123,6,"At Risk"
15695,266,4,1131.04,2,3,3,233,8,"At Risk"
12616,95,3,1131.10,3,3,3,333,9,Other
13393,583,4,1131.45,1,3,3,133,7,"At Risk"
15500,8,4,1131.56,5,4,3,543,12,Loyal
18125,29,4,1131.75,4,4,3,443,11,Loyal
16989,7,6,1133.25,5,4,3,543,12,Loyal
15022,11,5,1133.44,5,4,3,543,12,Loyal
13109,59,3,1134.03,3,3,3,333,9,Other
17866,142,3,1134.95,3,3,3,333,9,Other
17302,14,5,1135.63,5,4,3,543,12,Loyal
15879,404,4,1137.80,2,3,3,233,8,"At Risk"
17500,17,3,1138.00,5,3,3,533,11,Other
15586,592,3,1139.10,1,3,3,133,7,"At Risk"
16521,415,3,1140.11,1,3,3,133,7,"At Risk"
16270,353,1,1141.24,2,1,3,213,6,"At Risk"
13856,168,11,1142.03,3,5,3,353,11,Loyal
17908,373,5,1142.47,2,4,3,243,9,Loyal
12439,682,2,1142.88,1,2,3,123,6,"At Risk"
17201,53,4,1143.10,4,4,3,443,11,Loyal
17770,198,5,1143.27,2,4,3,243,9,Loyal
14585,50,5,1143.27,4,4,3,443,11,Loyal
17097,2,9,1143.36,5,5,3,553,13,Loyal
12769,238,1,1143.60,2,2,3,223,7,"At Risk"
17477,612,2,1144.30,1,2,3,123,6,"At Risk"
16766,273,2,1145.60,2,2,3,223,7,"At Risk"
15038,58,9,1146.53,4,5,3,453,12,Loyal
14308,549,2,1147.02,1,2,3,123,6,"At Risk"
12710,96,3,1149.02,3,3,3,333,9,Other
12475,53,2,1149.64,4,2,3,423,9,Other
14475,71,4,1151.15,3,3,3,333,9,Other
17984,145,5,1152.19,3,4,3,343,10,Loyal
14818,73,6,1153.56,3,4,3,343,10,Loyal
13462,252,5,1153.85,2,4,3,243,9,Loyal
16637,32,4,1154.47,4,4,3,443,11,Loyal
17127,428,5,1155.03,1,4,3,143,8,Loyal
14788,7,3,1156.32,5,3,3,533,11,Other
17169,57,3,1156.73,4,3,3,433,10,Other
16184,64,6,1158.79,3,4,3,343,10,Loyal
17513,72,3,1158.80,3,3,3,333,9,Other
13499,17,5,1159.11,5,4,3,543,12,Loyal
16838,197,4,1159.61,2,3,3,233,8,"At Risk"
17978,365,4,1159.99,2,3,3,233,8,"At Risk"
13601,45,4,1159.99,4,4,3,443,11,Loyal
15088,21,2,1160.07,4,3,3,433,10,Other
13459,624,2,1160.41,1,2,3,123,6,"At Risk"
13897,50,3,1160.72,4,3,3,433,10,Other
12972,413,4,1161.20,1,3,3,133,7,"At Risk"
12546,46,2,1161.50,4,2,3,423,9,Other
17525,359,3,1161.90,2,3,3,233,8,"At Risk"
15347,366,4,1162.00,2,3,3,233,8,"At Risk"
16800,11,1,1162.65,5,1,3,513,9,Other
14261,50,2,1163.45,4,2,3,423,9,Other
14693,264,7,1165.36,2,4,3,243,9,Loyal
17664,18,4,1166.23,5,4,3,543,12,Loyal
17950,72,7,1166.29,3,4,3,343,10,Loyal
13497,282,6,1166.83,2,4,3,243,9,Loyal
17373,40,7,1167.50,4,4,3,443,11,Loyal
16926,371,5,1169.61,2,4,3,243,9,Loyal
18071,257,6,1169.68,2,4,3,243,9,Loyal
12691,28,7,1170.40,4,4,3,443,11,Loyal
14126,7,4,1172.46,5,4,3,543,12,Loyal
12640,23,3,1174.58,4,3,3,433,10,Other
15068,46,4,1174.90,4,4,3,443,11,Loyal
12885,63,3,1175.22,3,3,3,333,9,Other
15994,54,3,1175.68,4,3,3,433,10,Other
14370,450,6,1175.78,1,4,3,143,8,Loyal
15210,225,3,1176.19,2,3,3,233,8,"At Risk"
13233,74,4,1176.46,3,3,3,333,9,Other
17539,617,4,1176.84,1,3,3,133,7,"At Risk"
18025,379,6,1177.72,2,4,3,243,9,Loyal
16345,44,2,1178.79,4,2,3,423,9,Other
13797,436,3,1179.45,1,3,3,133,7,"At Risk"
16693,68,5,1179.48,3,4,3,343,10,Loyal
16614,182,3,1179.79,3,3,3,333,9,Other
17058,81,3,1179.89,3,3,3,333,9,Other
18277,58,5,1180.05,4,4,3,443,11,Loyal
13395,185,3,1180.23,3,3,3,333,9,Other
13526,738,2,1182.00,1,2,3,123,6,"At Risk"
17021,442,6,1182.22,1,4,3,143,8,Loyal
15259,512,4,1182.38,1,3,3,133,7,"At Risk"
14206,239,3,1185.01,2,3,3,233,8,"At Risk"
18060,408,2,1185.46,2,2,3,223,7,"At Risk"
13388,131,3,1185.65,3,3,3,333,9,Other
17800,37,9,1187.21,4,5,3,453,12,Loyal
15737,14,8,1188.12,5,5,3,553,13,Loyal
18181,24,5,1188.34,4,4,3,443,11,Loyal
15573,31,5,1188.42,4,4,3,443,11,Loyal
18057,393,3,1188.46,2,3,3,233,8,"At Risk"
14275,395,6,1189.38,2,4,3,243,9,Loyal
17239,312,4,1189.45,2,3,3,233,8,"At Risk"
12462,18,2,1189.59,5,3,3,533,11,Other
16471,274,4,1189.98,2,3,3,233,8,"At Risk"
13882,2,5,1191.13,5,4,3,543,12,Loyal
16501,383,1,1191.23,2,1,3,213,6,"At Risk"
14213,404,1,1192.20,2,1,3,213,6,"At Risk"
13976,206,4,1192.36,2,3,3,233,8,"At Risk"
13293,392,6,1192.94,2,4,3,243,9,Loyal
12611,52,1,1193.32,4,2,3,423,9,Other
14201,60,10,1193.54,3,5,3,353,11,Loyal
14382,26,2,1193.63,4,3,3,433,10,Other
13723,217,6,1194.08,2,4,3,243,9,Loyal
15145,4,4,1194.73,5,4,3,543,12,Loyal
16307,429,3,1194.92,1,3,3,133,7,"At Risk"
17713,382,4,1198.09,2,3,3,233,8,"At Risk"
17397,22,3,1198.28,4,3,3,433,10,Other
15600,428,4,1199.31,1,3,3,133,7,"At Risk"
15181,66,5,1200.20,3,4,3,343,10,Loyal
14446,0,5,1200.28,5,4,3,543,12,Loyal
17360,17,6,1200.51,5,4,3,543,12,Loyal
12742,625,1,1201.52,1,1,3,113,5,"At Risk"
16762,19,3,1207.24,5,3,3,533,11,Other
18193,165,3,1207.35,3,3,3,333,9,Other
16830,38,4,1207.50,4,4,3,443,11,Loyal
17653,36,4,1207.56,4,4,3,443,11,Loyal
14193,67,3,1210.19,3,3,3,333,9,Other
15377,382,4,1211.75,2,3,3,233,8,"At Risk"
12464,10,8,1212.05,5,5,3,553,13,Loyal
16653,16,2,1212.66,5,3,3,533,11,Other
13918,49,2,1212.84,4,2,3,423,9,Other
16872,77,6,1213.13,3,4,3,343,10,Loyal
18263,25,3,1213.16,4,3,3,433,10,Other
13405,74,6,1213.81,3,4,3,343,10,Loyal
17410,16,5,1214.72,5,4,3,543,12,Loyal
15661,317,8,1215.95,2,4,3,243,9,Loyal
14512,187,7,1215.97,3,4,3,343,10,Loyal
15390,396,2,1216.66,2,2,3,223,7,"At Risk"
14698,1,5,1217.27,5,4,3,543,12,Loyal
13304,351,4,1217.99,2,3,3,233,8,"At Risk"
13299,268,3,1218.70,2,3,3,233,8,"At Risk"
13243,203,5,1220.38,2,4,3,243,9,Loyal
15004,147,1,1220.77,3,2,3,323,8,Other
14430,511,3,1220.90,1,3,3,133,7,"At Risk"
17132,452,2,1220.91,1,2,3,123,6,"At Risk"
15376,40,3,1221.56,4,3,4,434,11,Other
16946,383,5,1222.04,2,4,4,244,10,Loyal
13787,75,6,1222.50,3,4,4,344,11,Loyal
14428,7,5,1224.06,5,4,4,544,13,Champions
15303,290,3,1224.18,2,3,4,234,9,"At Risk"
15269,23,3,1225.36,4,3,4,434,11,Other
13402,127,4,1226.85,3,3,4,334,10,Other
15800,107,7,1227.07,3,4,4,344,11,Loyal
12866,283,3,1227.35,2,3,4,234,9,"At Risk"
17342,379,4,1227.54,2,3,4,234,9,"At Risk"
14871,3,9,1228.17,5,5,4,554,14,Champions
13019,379,6,1229.95,2,4,4,244,10,Loyal
12673,5,3,1230.02,5,3,4,534,12,Other
14821,366,7,1230.15,2,4,4,244,10,Loyal
16723,91,4,1231.36,3,3,4,334,10,Other
18080,18,2,1231.50,5,3,4,534,12,Other
16159,281,4,1232.79,2,3,4,234,9,"At Risk"
16527,81,2,1232.94,3,2,4,324,9,Other
12605,376,4,1232.95,2,3,4,234,9,"At Risk"
13201,502,4,1233.06,1,3,4,134,8,"At Risk"
14231,183,4,1235.62,3,3,4,334,10,Other
17796,40,7,1236.39,4,4,4,444,12,Champions
12985,0,2,1239.38,5,3,4,534,12,Other
13863,247,4,1239.55,2,3,4,234,9,"At Risk"
17529,610,2,1240.25,1,2,4,124,7,"At Risk"
17076,36,6,1242.75,4,4,4,444,12,Champions
13860,1,5,1245.90,5,4,4,544,13,Champions
14240,30,3,1247.49,4,3,4,434,11,Other
12689,25,2,1247.61,4,3,4,434,11,Other
14383,38,3,1247.69,4,3,4,434,11,Other
12666,394,1,1248.42,2,1,4,214,7,"At Risk"
14020,16,4,1249.01,5,4,4,544,13,Champions
18135,29,10,1249.62,4,5,4,454,13,Champions
15599,26,3,1250.06,4,3,4,434,11,Other
15579,68,5,1250.63,3,4,4,344,11,Loyal
14725,24,4,1252.74,4,4,4,444,12,Champions
16292,121,5,1253.76,3,4,4,344,11,Loyal
15664,50,4,1254.03,4,4,4,444,12,Champions
15441,396,3,1254.21,2,3,4,234,9,"At Risk"
15064,410,4,1254.41,1,3,4,134,8,"At Risk"
14419,10,7,1254.64,5,4,4,544,13,Champions
17862,323,4,1254.89,2,3,4,234,9,"At Risk"
17481,3,4,1255.59,5,4,4,544,13,Champions
12402,323,6,1256.90,2,4,4,244,10,Loyal
14931,4,5,1257.68,5,4,4,544,13,Champions
14474,46,2,1258.89,4,2,4,424,10,Other
15651,36,5,1259.06,4,4,4,444,12,Champions
15009,12,3,1259.43,5,3,4,534,12,Other
13689,63,2,1259.50,3,2,4,324,9,Other
12993,23,8,1259.63,4,4,4,444,12,Champions
17343,355,6,1259.94,2,4,4,244,10,Loyal
18035,35,5,1260.23,4,4,4,444,12,Champions
14984,19,6,1260.51,4,4,4,444,12,Champions
16688,1,4,1260.86,5,4,4,544,13,Champions
17759,17,5,1261.88,5,4,4,544,13,Champions
14427,50,4,1263.52,4,4,4,444,12,Champions
16842,100,3,1264.19,3,3,4,334,10,Other
14379,44,4,1265.16,4,4,4,444,12,Champions
17635,424,3,1265.58,1,3,4,134,8,"At Risk"
13515,72,6,1265.82,3,4,4,344,11,Loyal
14487,26,7,1266.27,4,4,4,444,12,Champions
17531,190,3,1266.82,2,3,4,234,9,"At Risk"
17037,87,1,1267.32,3,2,4,324,9,Other
13892,26,6,1267.65,4,4,4,444,12,Champions
15584,23,6,1268.20,4,4,4,444,12,Champions
15439,404,4,1269.05,2,3,4,234,9,"At Risk"
13492,136,3,1269.84,3,3,4,334,10,Other
12630,9,2,1270.88,5,3,4,534,12,Other
16222,318,2,1272.05,2,2,4,224,8,"At Risk"
17341,156,5,1272.21,3,4,4,344,11,Loyal
12394,63,2,1272.48,3,2,4,324,9,Other
17478,408,2,1272.80,2,2,4,224,8,"At Risk"
13443,448,6,1273.16,1,4,4,144,9,Loyal
14490,406,2,1273.47,2,2,4,224,8,"At Risk"
13138,22,7,1274.01,4,4,4,444,12,Champions
14167,39,8,1274.29,4,4,4,444,12,Champions
15809,36,7,1274.44,4,4,4,444,12,Champions
14820,21,9,1274.76,4,5,4,454,13,Champions
17142,239,4,1275.25,2,3,4,234,9,"At Risk"
13916,463,4,1275.81,1,3,4,134,8,"At Risk"
17034,16,5,1276.42,5,4,4,544,13,Champions
14478,382,4,1276.66,2,3,4,234,9,"At Risk"
16951,134,3,1277.75,3,3,4,334,10,Other
17521,29,5,1278.06,4,4,4,444,12,Champions
13617,40,8,1278.75,4,4,4,444,12,Champions
13300,169,3,1285.51,3,3,4,334,10,Other
16949,3,6,1286.27,5,4,4,544,13,Champions
16608,453,2,1286.62,1,2,4,124,7,"At Risk"
15136,2,4,1286.70,5,4,4,544,13,Champions
15774,68,6,1288.34,3,4,4,344,11,Loyal
14679,381,3,1289.44,2,3,4,234,9,"At Risk"
15171,331,1,1289.50,2,1,4,214,7,"At Risk"
16372,33,5,1290.31,4,4,4,444,12,Champions
14856,36,3,1290.53,4,3,4,434,11,Other
14619,245,2,1291.24,2,2,4,224,8,"At Risk"
17109,29,8,1291.71,4,4,4,444,12,Champions
16744,11,7,1291.91,5,4,4,544,13,Champions
15471,2,3,1292.01,5,3,4,534,12,Other
16777,80,5,1292.18,3,4,4,344,11,Loyal
15621,4,4,1293.03,5,4,4,544,13,Champions
16212,19,4,1293.71,5,4,4,544,13,Champions
13440,423,7,1295.25,1,4,4,144,9,Loyal
16929,3,7,1295.39,5,4,4,544,13,Champions
18286,476,2,1296.43,1,2,4,124,7,"At Risk"
12372,71,3,1298.04,3,3,4,334,10,Other
16464,19,3,1298.66,5,3,4,534,12,Other
12488,9,3,1298.66,5,3,4,534,12,Other
16943,211,5,1299.49,2,4,4,244,10,Loyal
14480,11,4,1299.52,5,4,4,544,13,Champions
14284,30,3,1299.65,4,3,4,434,11,Other
15108,141,4,1300.25,3,3,4,334,10,Other
16574,71,3,1301.78,3,3,4,334,10,Other
16370,82,4,1301.91,3,3,4,334,10,Other
15400,92,8,1302.30,3,4,4,344,11,Loyal
15813,207,2,1303.91,2,2,4,224,8,"At Risk"
14297,17,4,1305.33,5,4,4,544,13,Champions
15677,49,3,1305.63,4,3,4,434,11,Other
16894,502,3,1306.96,1,3,4,134,8,"At Risk"
16282,339,3,1307.58,2,3,4,234,9,"At Risk"
13846,24,4,1307.79,4,4,4,444,12,Champions
13328,316,1,1308.48,2,1,4,214,7,"At Risk"
16377,267,2,1308.48,2,2,4,224,8,"At Risk"
12717,151,3,1308.91,3,3,4,334,10,Other
13855,500,4,1310.34,1,3,4,134,8,"At Risk"
17027,78,9,1310.63,3,5,4,354,12,Loyal
12987,73,5,1312.21,3,4,4,344,11,Loyal
16756,214,7,1312.37,2,4,4,244,10,Loyal
12639,238,3,1312.37,2,3,4,234,9,"At Risk"
12364,7,4,1313.10,5,4,4,544,13,Champions
13282,18,4,1313.19,5,4,4,544,13,Champions
16296,626,4,1313.67,1,3,4,134,8,"At Risk"
14973,107,3,1314.45,3,3,4,334,10,Other
14511,11,5,1314.81,5,4,4,544,13,Champions
14921,30,2,1316.07,4,3,4,434,11,Other
12526,0,3,1316.66,5,3,4,534,12,Other
14591,15,4,1320.21,5,4,4,544,13,Champions
12960,413,4,1322.07,1,3,4,134,8,"At Risk"
14956,421,1,1325.00,1,1,4,114,6,"At Risk"
15146,164,2,1327.16,3,2,4,324,9,Other
14712,29,4,1328.07,4,4,4,444,12,Champions
13232,12,7,1328.35,5,4,4,544,13,Champions
16295,9,4,1328.55,5,4,4,544,13,Champions
14899,395,1,1331.38,2,1,4,214,7,"At Risk"
17932,29,3,1331.57,4,3,4,434,11,Other
17033,86,4,1332.79,3,3,4,334,10,Other
12919,8,6,1335.19,5,4,4,544,13,Champions
13220,78,5,1336.09,3,4,4,344,11,Loyal
13506,316,5,1338.08,2,4,4,244,10,Loyal
13803,255,3,1338.91,2,3,4,234,9,"At Risk"
12591,317,3,1338.95,2,3,4,234,9,"At Risk"
12711,611,2,1339.05,1,2,4,124,7,"At Risk"
12620,14,3,1339.41,5,3,4,534,12,Other
17951,39,4,1340.58,4,4,4,444,12,Champions
17499,289,2,1341.39,2,2,4,224,8,"At Risk"
13743,2,7,1341.60,5,4,4,544,13,Champions
18085,330,4,1341.85,2,3,4,234,9,"At Risk"
14618,9,7,1342.32,5,4,4,544,13,Champions
15154,75,3,1343.72,3,3,4,334,10,Other
12463,53,4,1344.78,4,4,4,444,12,Champions
14550,10,4,1345.06,5,4,4,544,13,Champions
12426,194,2,1345.21,2,2,4,224,8,"At Risk"
15398,16,2,1345.53,5,3,4,534,12,Other
13639,74,2,1346.27,3,2,4,324,9,Other
14320,206,5,1346.75,2,4,4,244,10,Loyal
12646,4,2,1346.97,5,3,4,534,12,Other
16669,23,3,1348.88,4,3,4,434,11,Other
15411,26,4,1348.93,4,4,4,444,12,Champions
14847,148,3,1348.95,3,3,4,334,10,Other
17025,60,5,1349.67,3,4,4,344,11,Loyal
16367,37,3,1350.48,4,3,4,434,11,Other
16079,16,3,1352.00,5,3,4,534,12,Other
15116,17,4,1352.75,5,4,4,544,13,Champions
17054,28,5,1356.33,4,4,4,444,12,Champions
12875,143,5,1356.99,3,4,4,344,11,Loyal
17429,128,5,1357.46,3,4,4,344,11,Loyal
17150,376,6,1357.95,2,4,4,244,10,Loyal
16384,89,4,1358.95,3,3,4,334,10,Other
13919,59,4,1360.68,3,4,4,344,11,Loyal
13396,29,2,1360.99,4,3,4,434,11,Other
16588,386,4,1361.28,2,3,4,234,9,"At Risk"
13760,54,5,1363.64,4,4,4,444,12,Champions
14114,273,7,1364.09,2,4,4,244,10,Loyal
14577,12,7,1364.15,5,4,4,544,13,Champions
13035,73,3,1364.20,3,3,4,334,10,Other
16300,430,3,1367.32,1,3,4,134,8,"At Risk"
12533,627,2,1367.89,1,2,4,124,7,"At Risk"
14316,422,5,1370.34,1,4,4,144,9,Loyal
13155,33,6,1370.48,4,4,4,444,12,Champions
14538,64,5,1370.84,3,4,4,344,11,Loyal
15453,1,7,1371.77,5,4,4,544,13,Champions
14434,21,6,1372.80,4,4,4,444,12,Champions
14265,109,4,1373.35,3,3,4,334,10,Other
13579,14,5,1374.34,5,4,4,544,13,Champions
15580,376,8,1375.39,2,4,4,244,10,Loyal
14662,28,7,1376.43,4,4,4,444,12,Champions
14853,24,5,1376.87,4,4,4,444,12,Champions
16727,364,4,1377.77,2,3,4,234,9,"At Risk"
12886,67,2,1378.40,3,2,4,324,9,Other
13074,511,4,1378.74,1,3,4,134,8,"At Risk"
17878,43,3,1378.93,4,3,4,434,11,Other
13821,144,6,1379.08,3,4,4,344,11,Loyal
15751,460,11,1380.44,1,5,4,154,10,Loyal
14861,52,10,1380.73,4,5,4,454,13,Champions
16389,53,4,1382.07,4,4,4,444,12,Champions
14116,19,5,1382.74,4,4,4,444,12,Champions
13572,205,1,1384.25,2,2,4,224,8,"At Risk"
18167,23,3,1384.86,4,3,4,434,11,Other
16167,414,5,1386.12,1,4,4,144,9,Loyal
15996,88,7,1386.40,3,4,4,344,11,Loyal
13382,280,5,1387.58,2,4,4,244,10,Loyal
12952,5,4,1387.79,5,4,4,544,13,Champions
15141,457,7,1388.47,1,4,4,144,9,Loyal
15322,85,2,1390.86,3,2,4,324,9,Other
16129,407,3,1396.05,2,3,4,234,9,"At Risk"
18202,199,3,1396.99,2,3,4,234,9,"At Risk"
14687,106,3,1402.06,3,3,4,334,10,Other
13259,61,9,1402.54,3,5,4,354,12,Loyal
15186,14,5,1403.20,5,4,4,544,13,Champions
18189,77,3,1403.73,3,3,4,334,10,Other
12765,472,6,1404.58,1,4,4,144,9,Loyal
14909,437,3,1404.68,1,3,4,134,8,"At Risk"
15652,91,5,1405.94,3,4,4,344,11,Loyal
12695,7,7,1407.12,5,4,4,544,13,Champions
13049,64,4,1408.24,3,3,4,334,10,Other
16854,417,2,1408.96,1,2,4,124,7,"At Risk"
17545,43,6,1409.86,4,4,4,444,12,Champions
17714,320,5,1410.18,2,4,4,244,10,Loyal
16906,81,7,1410.92,3,4,4,344,11,Loyal
15444,9,2,1411.21,5,3,4,534,12,Other
16848,52,4,1411.62,4,4,4,444,12,Champions
15237,1,4,1412.32,5,4,4,544,13,Champions
17496,358,4,1412.89,2,3,4,234,9,"At Risk"
16245,23,3,1413.66,4,3,4,434,11,Other
15223,225,5,1417.95,2,4,4,244,10,Loyal
17856,1,4,1418.03,5,4,4,544,13,Champions
16173,15,6,1418.32,5,4,4,544,13,Champions
15799,75,4,1421.34,3,3,4,334,10,Other
14019,46,3,1421.61,4,3,4,434,11,Other
16463,21,4,1422.40,4,4,4,444,12,Champions
15106,17,5,1422.52,5,4,4,544,13,Champions
17438,253,5,1422.77,2,4,4,244,10,Loyal
16980,255,3,1422.83,2,3,4,234,9,"At Risk"
18221,22,6,1424.94,4,4,4,444,12,Champions
17411,12,5,1425.38,5,4,4,544,13,Champions
14412,42,3,1426.19,4,3,4,434,11,Other
15889,156,8,1427.60,3,4,4,344,11,Loyal
13159,8,4,1429.35,5,4,4,544,13,Champions
14684,25,6,1430.03,4,4,4,444,12,Champions
15468,51,3,1430.48,4,3,4,434,11,Other
15427,33,3,1430.54,4,3,4,434,11,Other
13475,191,4,1431.78,2,3,4,234,9,"At Risk"
13531,205,6,1433.07,2,4,4,244,10,Loyal
17941,130,4,1433.28,3,3,4,334,10,Other
12389,402,3,1433.33,2,3,4,234,9,"At Risk"
16140,65,3,1433.46,3,3,4,334,10,Other
12805,381,4,1434.95,2,3,4,234,9,"At Risk"
13278,40,4,1435.85,4,4,4,444,12,Champions
16088,575,2,1437.43,1,2,4,124,7,"At Risk"
14071,3,8,1437.57,5,5,4,554,14,Champions
13543,634,2,1439.61,1,2,4,124,7,"At Risk"
18066,75,3,1440.40,3,3,4,334,10,Other
18106,329,6,1441.06,2,4,4,244,10,Loyal
17734,53,6,1442.32,4,4,4,444,12,Champions
17175,44,4,1443.69,4,4,4,444,12,Champions
15636,89,4,1444.58,3,3,4,334,10,Other
13583,155,2,1445.03,3,2,4,324,9,Other
17073,17,4,1446.09,5,4,4,544,13,Champions
17582,236,5,1446.95,2,4,4,244,10,Loyal
15076,172,3,1447.74,3,3,4,334,10,Other
13023,64,3,1449.03,3,3,4,334,10,Other
15876,409,2,1449.14,2,2,4,224,8,"At Risk"
16121,57,5,1450.04,4,4,4,444,12,Champions
14657,17,6,1450.19,5,4,4,544,13,Champions
13361,472,2,1450.50,1,2,4,124,7,"At Risk"
13165,46,3,1451.16,4,3,4,434,11,Other
17259,148,6,1452.39,3,4,4,344,11,Loyal
12970,7,10,1453.60,5,5,4,554,14,Champions
13649,256,6,1453.68,2,4,4,244,10,Loyal
16569,3,5,1455.23,5,4,4,544,13,Champions
15071,93,4,1455.56,3,3,4,334,10,Other
14829,29,7,1455.87,4,4,4,444,12,Champions
16835,128,6,1456.66,3,4,4,344,11,Loyal
18196,95,4,1457.19,3,3,4,334,10,Other
16586,248,3,1462.78,2,3,4,234,9,"At Risk"
12882,9,2,1463.04,5,3,4,534,12,Other
16419,112,8,1463.70,3,4,4,344,11,Loyal
13500,23,4,1466.30,4,4,4,444,12,Champions
17590,2,3,1468.02,5,3,4,534,12,Other
16907,29,9,1470.89,4,5,4,454,13,Champions
14246,110,3,1474.06,3,3,4,334,10,Other
13240,96,8,1475.79,3,4,4,344,11,Loyal
15101,8,6,1477.94,5,4,4,544,13,Champions
15630,45,3,1481.40,4,3,4,434,11,Other
16654,141,8,1484.07,3,4,4,344,11,Loyal
14609,72,10,1486.20,3,5,4,354,12,Loyal
17290,3,8,1487.96,5,5,4,554,14,Champions
13042,598,3,1488.59,1,3,4,134,8,"At Risk"
18268,134,6,1490.23,3,4,4,344,11,Loyal
16314,389,3,1491.40,2,3,4,234,9,"At Risk"
16239,56,6,1492.20,4,4,4,444,12,Champions
14894,85,3,1492.81,3,3,4,334,10,Other
15173,380,7,1494.60,2,4,4,244,10,Loyal
16340,107,3,1496.24,3,3,4,334,10,Other
15590,382,5,1496.60,2,4,4,244,10,Loyal
16714,218,4,1497.33,2,3,4,234,9,"At Risk"
13810,28,3,1499.01,4,3,4,434,11,Other
14802,438,2,1502.98,1,2,4,124,7,"At Risk"
16450,149,3,1505.73,3,3,4,334,10,Other
15110,23,6,1505.85,4,4,4,444,12,Champions
18022,35,5,1507.25,4,4,4,444,12,Champions
17179,178,6,1507.26,3,4,4,344,11,Loyal
15261,135,4,1508.00,3,3,4,334,10,Other
13158,94,5,1508.18,3,4,4,344,11,Loyal
16910,4,8,1508.96,5,5,4,554,14,Champions
15948,8,3,1509.09,5,3,4,534,12,Other
16037,269,5,1509.34,2,4,4,244,10,Loyal
17977,29,2,1511.45,4,3,4,434,11,Other
17610,540,5,1511.94,1,4,4,144,9,Loyal
17764,50,5,1513.57,4,4,4,444,12,Champions
14682,187,6,1514.81,3,4,4,344,11,Loyal
14220,247,4,1515.00,2,3,4,234,9,"At Risk"
13791,127,2,1516.00,3,2,4,324,9,Other
14267,162,3,1516.24,3,3,4,334,10,Other
14068,320,4,1516.72,2,3,4,234,9,"At Risk"
14264,154,6,1517.36,3,4,4,344,11,Loyal
14055,106,3,1520.96,3,3,4,334,10,Other
16066,16,5,1521.04,5,4,4,544,13,Champions
15587,50,7,1522.08,4,4,4,444,12,Champions
16244,211,2,1522.75,2,2,4,224,8,"At Risk"
12926,411,4,1523.97,1,3,4,134,8,"At Risk"
17990,236,6,1527.61,2,4,4,244,10,Loyal
15701,2,4,1529.00,5,4,4,544,13,Champions
14567,56,2,1530.36,4,2,4,424,10,Other
16491,46,2,1533.16,4,2,4,424,10,Other
18252,50,7,1533.69,4,4,4,444,12,Champions
14695,519,3,1534.22,1,3,4,134,8,"At Risk"
15798,492,3,1535.37,1,3,4,134,8,"At Risk"
15987,12,8,1535.99,5,5,4,554,14,Champions
13310,28,5,1541.20,4,4,4,444,12,Champions
17837,42,8,1541.23,4,4,4,444,12,Champions
12818,261,1,1542.08,2,2,4,224,8,"At Risk"
13783,487,4,1542.09,1,3,4,134,8,"At Risk"
16915,9,11,1543.18,5,5,4,554,14,Champions
15732,212,10,1543.97,2,5,4,254,11,Loyal
18036,32,11,1545.49,4,5,4,454,13,Champions
16017,47,5,1545.58,4,4,4,444,12,Champions
16790,3,6,1545.62,5,4,4,544,13,Champions
16461,177,3,1545.83,3,3,4,334,10,Other
14754,44,6,1547.93,4,4,4,444,12,Champions
17454,192,10,1547.94,2,5,4,254,11,Loyal
16366,18,4,1548.13,5,4,4,544,13,Champions
14186,427,5,1550.63,1,4,4,144,9,Loyal
14987,15,8,1550.65,5,5,4,554,14,Champions
17323,15,12,1551.04,5,5,4,554,14,Champions
17851,422,6,1552.35,1,4,4,144,9,Loyal
13377,396,2,1552.88,2,2,4,224,8,"At Risk"
15074,105,3,1553.13,3,3,4,334,10,Other
14078,101,9,1553.47,3,5,4,354,12,Loyal
13360,431,4,1553.65,1,3,4,134,8,"At Risk"
18149,50,7,1553.96,4,4,4,444,12,Champions
15149,133,5,1554.61,3,4,4,344,11,Loyal
14236,80,5,1555.34,3,4,4,344,11,Loyal
16394,56,5,1555.34,4,4,4,444,12,Champions
12629,385,2,1558.22,2,2,4,224,8,"At Risk"
15466,85,4,1560.46,3,3,4,334,10,Other
13939,23,7,1560.96,4,4,4,444,12,Champions
17235,25,8,1562.98,4,4,4,444,12,Champions
16774,67,8,1567.48,3,4,4,344,11,Loyal
17624,14,4,1568.63,5,4,4,544,13,Champions
13539,85,7,1569.36,3,4,4,344,11,Loyal
14198,18,9,1569.73,5,5,4,554,14,Champions
14136,400,5,1570.81,2,4,4,244,10,Loyal
17886,31,6,1572.55,4,4,4,444,12,Champions
16099,50,7,1573.20,4,4,4,444,12,Champions
14489,207,4,1574.93,2,3,4,234,9,"At Risk"
13337,546,1,1575.26,1,1,4,114,6,"At Risk"
12549,575,6,1575.68,1,4,4,144,9,Loyal
13186,39,3,1575.89,4,3,4,434,11,Other
17649,138,3,1578.89,3,3,4,334,10,Other
17222,65,6,1579.51,3,4,4,344,11,Loyal
12607,60,1,1579.51,3,2,4,324,9,Other
13752,124,7,1579.83,3,4,4,344,11,Loyal
14587,18,9,1580.29,5,5,4,554,14,Champions
13202,394,7,1580.30,2,4,4,244,10,Loyal
15279,354,5,1580.54,2,4,4,244,10,Loyal
14719,1,5,1581.84,5,4,4,544,13,Champions
17867,30,15,1582.05,4,5,4,454,13,Champions
13740,240,5,1582.77,2,4,4,244,10,Loyal
16096,264,4,1584.97,2,3,4,234,9,"At Risk"
13156,385,3,1586.54,2,3,4,234,9,"At Risk"
17345,15,10,1586.63,5,5,4,554,14,Champions
16092,114,6,1587.94,3,4,4,344,11,Loyal
17540,24,6,1590.60,4,4,4,444,12,Champions
15289,29,5,1593.09,4,4,4,444,12,Champions
17028,581,3,1593.83,1,3,4,134,8,"At Risk"
16801,163,4,1594.23,3,3,4,334,10,Other
13239,261,5,1594.69,2,4,4,244,10,Loyal
13850,129,1,1595.48,3,2,4,324,9,Other
17853,407,3,1596.29,2,3,4,234,9,"At Risk"
15134,14,10,1596.29,5,5,4,554,14,Champions
12514,267,2,1597.76,2,2,4,224,8,"At Risk"
14885,131,3,1598.12,3,3,4,334,10,Other
14178,8,7,1600.26,5,4,4,544,13,Champions
15325,103,8,1601.46,3,4,4,344,11,Loyal
17515,31,9,1602.51,4,5,4,454,13,Champions
12947,143,6,1603.99,3,4,4,344,11,Loyal
14920,212,3,1607.17,2,3,4,234,9,"At Risk"
13249,92,9,1608.93,3,5,4,354,12,Loyal
12847,22,2,1609.00,4,3,4,434,11,Other
17814,375,2,1609.37,2,2,4,224,8,"At Risk"
13900,183,6,1610.59,3,4,4,344,11,Loyal
16860,452,3,1610.62,1,3,4,134,8,"At Risk"
15013,487,10,1610.82,1,5,4,154,10,Loyal
14336,16,4,1614.91,5,4,4,544,13,Champions
16224,57,5,1616.54,4,4,4,444,12,Champions
12577,35,8,1617.10,4,4,4,444,12,Champions
15422,323,7,1619.97,2,4,4,244,10,Loyal
12379,81,4,1620.22,3,3,4,334,10,Other
14937,56,3,1621.88,4,3,4,434,11,Other
15172,8,5,1624.05,5,4,4,544,13,Champions
13154,399,3,1624.84,2,3,4,234,9,"At Risk"
14759,4,3,1625.97,5,3,4,534,12,Other
15167,320,5,1627.62,2,4,4,244,10,Loyal
13554,380,7,1629.35,2,4,4,244,10,Loyal
16256,266,3,1629.37,2,3,4,234,9,"At Risk"
14904,2,4,1630.49,5,4,4,544,13,Champions
17571,50,5,1630.91,4,4,4,444,12,Champions
18136,63,5,1631.36,3,4,4,344,11,Loyal
14164,70,2,1631.77,3,2,4,324,9,Other
18062,173,6,1632.67,3,4,4,344,11,Loyal
15310,478,1,1634.64,1,1,4,114,6,"At Risk"
17006,4,8,1635.27,5,5,4,554,14,Champions
12398,45,1,1635.66,4,2,4,424,10,Other
12933,24,8,1636.63,4,4,4,444,12,Champions
14420,99,4,1639.17,3,3,4,334,10,Other
12657,11,4,1643.18,5,4,4,544,13,Champions
16634,222,6,1649.81,2,4,4,244,10,Loyal
12911,551,1,1651.72,1,1,4,114,6,"At Risk"
16813,8,10,1652.18,5,5,4,554,14,Champions
16625,274,5,1654.03,2,4,4,244,10,Loyal
17041,26,6,1655.20,4,4,4,444,12,Champions
18276,43,6,1656.52,4,4,4,444,12,Champions
18096,11,6,1657.87,5,4,4,544,13,Champions
14583,5,8,1660.29,5,5,4,554,14,Champions
15649,336,4,1660.35,2,3,4,234,9,"At Risk"
15214,1,8,1661.44,5,5,4,554,14,Champions
12912,2,5,1662.30,5,4,4,544,13,Champions
16329,427,4,1664.92,1,3,4,134,8,"At Risk"
17321,8,6,1665.21,5,4,4,544,13,Champions
15192,119,5,1666.39,3,4,4,344,11,Loyal
13064,12,6,1666.84,5,4,4,544,13,Champions
13434,74,5,1666.86,3,4,4,344,11,Loyal
17534,53,5,1668.83,4,4,4,444,12,Champions
13184,14,10,1668.95,5,5,4,554,14,Champions
13417,4,6,1669.49,5,4,4,544,13,Champions
13308,22,4,1670.37,4,4,4,444,12,Champions
13587,63,4,1673.50,3,3,4,334,10,Other
17656,73,5,1674.69,3,4,4,344,11,Loyal
13149,14,4,1676.06,5,4,4,544,13,Champions
14831,680,3,1676.57,1,3,4,134,8,"At Risk"
12870,375,3,1676.95,2,3,4,234,9,"At Risk"
13800,309,3,1679.56,2,3,4,234,9,"At Risk"
15551,36,7,1679.81,4,4,4,444,12,Champions
14643,170,5,1679.89,3,4,4,344,11,Loyal
13516,21,4,1685.26,4,4,4,444,12,Champions
12775,17,7,1686.12,5,4,4,544,13,Champions
12813,501,3,1687.80,1,3,4,134,8,"At Risk"
16725,302,14,1688.26,2,5,4,254,11,Loyal
13566,40,5,1688.60,4,4,4,444,12,Champions
13294,189,3,1689.53,2,3,4,234,9,"At Risk"
13838,5,10,1690.07,5,5,4,554,14,Champions
16671,28,3,1692.27,4,3,4,434,11,Other
14245,219,2,1693.45,2,2,4,224,8,"At Risk"
12764,316,1,1693.88,2,1,4,214,7,"At Risk"
15976,165,6,1694.41,3,4,4,344,11,Loyal
16010,245,11,1694.86,2,5,4,254,11,Loyal
16899,7,8,1695.77,5,5,4,554,14,Champions
17694,141,3,1695.97,3,3,4,334,10,Other
17813,14,5,1698.07,5,4,4,544,13,Champions
12932,539,8,1698.56,1,4,4,144,9,Loyal
16768,47,9,1698.57,4,5,4,454,13,Champions
15911,623,8,1700.24,1,4,4,144,9,Loyal
15326,333,5,1700.52,2,4,4,244,10,Loyal
12693,127,7,1703.02,3,4,4,344,11,Loyal
14859,12,5,1705.64,5,4,4,544,13,Champions
16398,154,2,1705.80,3,2,4,324,9,Other
13309,7,6,1706.37,5,4,4,544,13,Champions
16902,116,1,1706.88,3,2,4,324,9,Other
12407,49,5,1708.12,4,4,4,444,12,Champions
15947,82,1,1708.24,3,2,4,324,9,Other
15607,336,9,1708.97,2,5,4,254,11,Loyal
17731,79,6,1708.99,3,4,4,344,11,Loyal
13104,3,9,1709.10,5,5,4,554,14,Champions
12405,148,1,1710.39,3,2,4,324,9,Other
17750,5,9,1710.45,5,5,4,554,14,Champions
13665,386,3,1711.66,2,3,4,234,9,"At Risk"
14447,18,6,1711.73,5,4,4,544,13,Champions
18239,218,6,1712.26,2,4,4,244,10,Loyal
14741,11,7,1713.09,5,4,4,544,13,Champions
14692,137,12,1715.14,3,5,4,354,12,Loyal
17162,28,10,1715.46,4,5,4,454,13,Champions
14021,155,7,1716.58,3,4,4,344,11,Loyal
13705,7,7,1717.19,5,4,4,544,13,Champions
15267,22,5,1717.36,4,4,4,444,12,Champions
16119,8,8,1720.81,5,5,4,554,14,Champions
17451,1,7,1721.40,5,4,4,544,13,Champions
17135,16,10,1722.18,5,5,4,554,14,Champions
16374,66,5,1723.40,3,4,4,344,11,Loyal
13363,17,3,1723.86,5,3,4,534,12,Other
14304,222,3,1725.01,2,3,4,234,9,"At Risk"
17190,58,7,1726.57,4,4,4,444,12,Champions
15730,65,5,1726.58,3,4,4,344,11,Loyal
16809,23,9,1727.43,4,5,4,454,13,Champions
14387,32,3,1727.60,4,3,4,434,11,Other
16891,1,11,1727.94,5,5,4,554,14,Champions
17432,18,9,1728.99,5,5,4,554,14,Champions
14400,149,3,1732.47,3,3,4,334,10,Other
13026,1,9,1733.08,5,5,4,554,14,Champions
17268,107,11,1733.89,3,5,4,354,12,Loyal
14075,4,6,1734.87,5,4,4,544,13,Champions
14584,169,8,1738.16,3,4,4,344,11,Loyal
17974,24,6,1739.09,4,4,4,444,12,Champions
16087,389,5,1739.92,2,4,4,244,10,Loyal
12425,78,2,1741.41,3,2,4,324,9,Other
15605,36,9,1741.95,4,5,4,454,13,Champions
16380,61,1,1743.15,3,2,4,324,9,Other
16348,32,8,1744.42,4,4,4,444,12,Champions
17695,131,5,1746.04,3,4,4,344,11,Loyal
13808,5,5,1747.66,5,4,4,544,13,Champions
16639,31,4,1747.98,4,4,4,444,12,Champions
14522,24,8,1748.42,4,4,4,444,12,Champions
14704,11,11,1752.92,5,5,4,554,14,Champions
12809,177,3,1755.94,3,3,4,334,10,Other
16595,61,5,1757.75,3,4,4,344,11,Loyal
16266,73,14,1757.95,3,5,4,354,12,Loyal
16620,3,6,1758.93,5,4,4,544,13,Champions
16511,21,6,1760.49,4,4,4,444,12,Champions
15777,241,7,1762.61,2,4,4,244,10,Loyal
12784,9,3,1763.15,5,3,4,534,12,Other
13717,32,8,1763.30,4,4,4,444,12,Champions
13648,400,8,1764.02,2,4,4,244,10,Loyal
16751,30,1,1764.72,4,1,4,414,9,Other
13456,17,6,1766.72,5,4,4,544,13,Champions
15736,435,2,1767.12,1,2,4,124,7,"At Risk"
15972,456,5,1769.33,1,4,4,144,9,Loyal
14933,443,4,1770.00,1,3,4,134,8,"At Risk"
14850,311,7,1770.96,2,4,4,244,10,Loyal
15594,15,5,1771.78,5,4,4,544,13,Champions
16124,317,4,1772.49,2,3,4,234,9,"At Risk"
13920,431,4,1774.68,1,3,4,134,8,"At Risk"
12778,19,9,1775.68,4,5,4,454,13,Champions
12908,176,5,1776.00,3,4,4,344,11,Loyal
12458,71,4,1777.49,3,3,4,334,10,Other
16510,372,6,1777.50,2,4,4,244,10,Loyal
16770,57,9,1778.93,4,5,4,454,13,Champions
15220,51,6,1778.96,4,4,4,444,12,Champions
18214,530,4,1780.34,1,3,4,134,8,"At Risk"
16110,45,4,1781.59,4,4,4,444,12,Champions
15128,60,5,1783.68,3,4,4,344,11,Loyal
15452,29,6,1785.11,4,4,4,444,12,Champions
16611,186,6,1785.13,3,4,4,344,11,Loyal
15608,28,5,1785.98,4,4,4,444,12,Champions
13782,12,13,1786.08,5,5,4,554,14,Champions
17603,78,4,1788.38,3,3,4,334,10,Other
12369,413,3,1791.15,1,3,4,134,8,"At Risk"
13375,88,2,1792.23,3,2,4,324,9,Other
13711,218,9,1792.26,2,5,4,254,11,Loyal
18122,8,6,1793.06,5,4,4,544,13,Champions
14708,2,5,1793.22,5,4,4,544,13,Champions
17165,284,6,1794.32,2,4,4,244,10,Loyal
18236,29,12,1795.35,4,5,4,454,13,Champions
18235,71,3,1796.48,3,3,4,334,10,Other
16249,52,5,1800.07,4,4,4,444,12,Champions
16797,393,5,1802.02,2,4,4,244,10,Loyal
14723,10,11,1803.06,5,5,4,554,14,Champions
18161,15,6,1803.10,5,4,4,544,13,Champions
13561,215,11,1803.40,2,5,4,254,11,Loyal
15133,127,5,1806.90,3,4,4,344,11,Loyal
17888,21,25,1807.44,4,5,4,454,13,Champions
15530,21,5,1808.68,4,4,4,444,12,Champions
14893,9,3,1809.61,5,3,4,534,12,Other
16474,7,7,1810.65,5,4,4,544,13,Champions
14915,91,11,1811.25,3,5,4,354,12,Loyal
16880,30,8,1813.21,4,4,4,444,12,Champions
12494,15,9,1815.27,5,5,4,554,14,Champions
15807,50,5,1817.52,4,4,4,444,12,Champions
17787,152,4,1817.54,3,3,4,334,10,Other
16233,71,9,1818.31,3,5,4,354,12,Loyal
14553,19,9,1818.60,4,5,4,454,13,Champions
17828,22,4,1820.09,4,4,4,444,12,Champions
16205,30,7,1820.11,4,4,4,444,12,Champions
15339,66,7,1821.02,3,4,4,344,11,Loyal
14738,42,9,1821.90,4,5,4,454,13,Champions
16169,8,4,1822.97,5,4,4,544,13,Champions
17642,119,5,1824.49,3,4,4,344,11,Loyal
13884,7,10,1825.03,5,5,4,554,14,Champions
14715,24,8,1825.45,4,4,4,444,12,Champions
15678,52,3,1825.94,4,3,4,434,11,Other
14896,204,8,1826.00,2,4,4,244,10,Loyal
17244,53,5,1826.04,4,4,4,444,12,Champions
16825,38,5,1826.89,4,4,4,444,12,Champions
16152,268,1,1829.04,2,2,4,224,8,"At Risk"
15402,148,6,1830.54,3,4,4,344,11,Loyal
16175,94,7,1836.44,3,4,4,344,11,Loyal
17015,28,3,1838.61,4,3,4,434,11,Other
13924,1,6,1838.85,5,4,4,544,13,Champions
14870,261,6,1838.95,2,4,4,244,10,Loyal
15822,3,6,1840.06,5,4,4,544,13,Champions
17919,88,2,1840.32,3,2,4,324,9,Other
13168,36,5,1840.73,4,4,4,444,12,Champions
14224,110,9,1841.71,3,5,4,354,12,Loyal
16102,42,3,1842.14,4,3,4,434,11,Other
15201,87,7,1842.95,3,4,4,344,11,Loyal
12950,2,3,1843.00,5,3,4,534,12,Other
12694,70,3,1843.35,3,3,4,334,10,Other
18180,4,6,1843.75,5,4,4,544,13,Champions
12507,134,4,1844.06,3,3,4,334,10,Other
12381,4,5,1845.31,5,4,4,544,13,Champions
12383,184,5,1850.56,3,4,4,344,11,Loyal
16917,276,2,1851.88,2,2,4,224,8,"At Risk"
16049,40,6,1852.15,4,4,4,444,12,Champions
15081,22,12,1854.57,4,5,4,454,13,Champions
16043,37,8,1856.59,4,4,4,444,12,Champions
14130,319,4,1858.77,2,3,4,234,9,"At Risk"
14305,71,3,1858.96,3,3,4,334,10,Other
13503,71,6,1859.24,3,4,4,344,11,Loyal
14887,79,1,1862.00,3,2,4,324,9,Other
16426,2,10,1863.76,5,5,4,554,14,Champions
13946,79,6,1876.23,3,4,4,344,11,Loyal
15197,10,6,1877.51,5,4,4,544,13,Champions
17227,18,12,1878.93,5,5,4,554,14,Champions
18151,134,6,1879.44,3,4,4,344,11,Loyal
16660,16,7,1879.55,5,4,4,544,13,Champions
14403,130,6,1880.51,3,4,4,344,11,Loyal
16172,95,8,1884.55,3,4,4,344,11,Loyal
17609,40,11,1887.90,4,5,4,454,13,Champions
14912,16,6,1889.25,5,4,4,544,13,Champions
15381,213,5,1890.57,2,4,4,244,10,Loyal
13276,63,5,1891.91,3,4,4,344,11,Loyal
16631,481,7,1892.52,1,4,4,144,9,Loyal
17350,8,7,1893.70,5,4,4,544,13,Champions
13984,26,12,1893.80,4,5,4,454,13,Champions
15248,411,3,1893.93,1,3,4,134,8,"At Risk"
14327,163,6,1894.93,3,4,4,344,11,Loyal
17560,94,8,1895.80,3,4,4,344,11,Loyal
14730,1,8,1897.57,5,5,4,554,14,Champions
14389,65,5,1898.01,3,4,4,344,11,Loyal
12762,7,2,1898.52,5,3,4,534,12,Other
14710,14,13,1899.79,5,5,4,554,14,Champions
14127,122,6,1900.08,3,4,4,344,11,Loyal
14250,7,3,1904.05,5,3,4,534,12,Other
16942,12,9,1904.99,5,5,4,554,14,Champions
17046,157,5,1906.07,3,4,4,344,11,Loyal
16692,256,4,1914.70,2,3,4,234,9,"At Risk"
16555,35,6,1915.68,4,4,4,444,12,Champions
16650,71,7,1916.11,3,4,4,344,11,Loyal
14332,22,5,1917.41,4,4,4,444,12,Champions
12842,70,4,1917.99,3,3,4,334,10,Other
12644,129,4,1918.49,3,3,4,334,10,Other
14901,11,12,1919.00,5,5,4,554,14,Champions
18220,226,6,1921.76,2,4,4,244,10,Loyal
16681,72,7,1921.84,3,4,4,344,11,Loyal
14492,430,7,1921.91,1,4,4,144,9,Loyal
13029,30,5,1927.30,4,4,4,444,12,Champions
16788,123,5,1928.93,3,4,4,344,11,Loyal
17236,12,12,1929.26,5,5,4,554,14,Champions
15803,51,4,1929.66,4,4,4,444,12,Champions
16859,144,7,1932.41,3,4,4,344,11,Loyal
12531,14,2,1933.20,5,3,4,534,12,Other
12528,9,6,1933.48,5,4,4,544,13,Champions
15561,11,8,1934.39,5,5,4,554,14,Champions
14418,3,3,1937.25,5,3,4,534,12,Other
16619,263,4,1938.33,2,3,4,234,9,"At Risk"
12385,379,1,1938.40,2,1,4,214,7,"At Risk"
15425,400,4,1941.12,2,3,4,234,9,"At Risk"
15620,56,4,1942.36,4,4,4,444,12,Champions
14014,77,3,1948.21,3,3,4,334,10,Other
16993,463,2,1950.95,1,2,4,124,7,"At Risk"
15885,92,15,1951.82,3,5,4,354,12,Loyal
13761,50,6,1952.17,4,4,4,444,12,Champions
17554,1,5,1952.45,5,4,4,544,13,Champions
14794,2,10,1953.90,5,5,4,554,14,Champions
18016,32,7,1954.56,4,4,4,444,12,Champions
17039,604,1,1954.99,1,1,4,114,6,"At Risk"
16290,464,4,1957.70,1,3,4,134,8,"At Risk"
15789,358,6,1962.01,2,4,4,244,10,Loyal
12399,119,7,1962.30,3,4,4,344,11,Loyal
17997,74,8,1962.46,3,4,4,344,11,Loyal
17966,37,10,1963.92,4,5,4,454,13,Champions
16032,456,6,1965.72,1,4,4,144,9,Loyal
14396,65,7,1969.38,3,4,4,344,11,Loyal
14477,19,7,1969.60,4,4,4,444,12,Champions
12674,38,4,1970.60,4,4,4,444,12,Champions
14905,157,8,1971.39,3,4,4,344,11,Loyal
17797,22,8,1971.87,4,4,4,444,12,Champions
15531,8,2,1972.39,5,3,4,534,12,Other
18204,71,3,1975.35,3,3,4,334,10,Other
13208,58,9,1976.30,3,5,4,354,12,Loyal
15795,149,8,1979.87,3,4,4,344,11,Loyal
15030,71,8,1979.91,3,4,4,344,11,Loyal
17158,32,5,1980.00,4,4,4,444,12,Champions
12582,238,4,1980.40,2,3,4,234,9,"At Risk"
13725,49,8,1980.56,4,4,4,444,12,Champions
17337,151,4,1981.06,3,3,4,334,10,Other
14967,49,6,1982.61,4,4,4,444,12,Champions
15478,40,3,1983.48,4,3,4,434,11,Other
16529,190,4,1986.80,2,3,4,234,9,"At Risk"
17351,36,12,1988.23,4,5,4,454,13,Champions
16960,38,8,1990.88,4,4,4,444,12,Champions
17088,28,4,1991.01,4,4,4,444,12,Champions
13889,92,6,1991.23,3,4,4,344,11,Loyal
16065,365,8,1992.13,2,4,4,244,10,Loyal
14301,117,4,1992.18,3,3,4,334,10,Other
15481,401,1,1993.34,2,1,4,214,7,"At Risk"
14152,75,7,1997.34,3,4,4,344,11,Loyal
15990,44,7,1997.75,4,4,4,444,12,Champions
14628,91,5,1998.00,3,4,4,344,11,Loyal
16698,226,2,1998.00,2,2,4,224,8,"At Risk"
16332,28,11,2000.01,4,5,4,454,13,Champions
13888,119,7,2001.59,3,4,4,344,11,Loyal
17671,15,5,2009.16,5,4,4,544,13,Champions
13693,374,9,2011.82,2,5,4,254,11,Loyal
17126,152,9,2016.43,3,5,4,354,12,Loyal
17152,194,4,2016.50,2,3,4,234,9,"At Risk"
16197,469,9,2016.71,1,5,4,154,10,Loyal
14623,32,10,2016.98,4,5,4,454,13,Champions
12348,75,5,2019.40,3,4,4,344,11,Loyal
16221,36,9,2019.92,4,5,4,454,13,Champions
13696,421,3,2020.40,1,3,4,134,8,"At Risk"
12418,112,4,2021.20,3,3,4,334,10,Other
14651,67,9,2025.52,3,5,4,354,12,Loyal
14631,50,6,2025.69,4,4,4,444,12,Champions
13989,65,5,2026.06,3,4,4,344,11,Loyal
12873,282,3,2027.30,2,3,4,234,9,"At Risk"
15384,169,4,2027.79,3,3,4,334,10,Other
15164,68,9,2028.11,3,5,4,354,12,Loyal
15506,22,6,2030.33,4,4,4,444,12,Champions
15272,57,6,2030.95,4,4,4,444,12,Champions
14225,434,4,2031.07,1,3,4,134,8,"At Risk"
13630,5,7,2031.78,5,4,4,544,13,Champions
17846,85,1,2033.10,3,2,4,324,9,Other
16331,432,6,2037.70,1,4,4,144,9,Loyal
16214,170,4,2038.25,3,3,4,334,10,Other
14988,211,7,2038.65,2,4,4,244,10,Loyal
12585,234,2,2040.10,2,2,4,224,8,"At Risk"
17289,31,9,2041.80,4,5,4,454,13,Champions
12868,185,8,2043.76,3,4,4,344,11,Loyal
15473,14,8,2046.00,5,5,4,554,14,Champions
14000,211,5,2046.34,2,4,4,244,10,Loyal
13663,179,5,2047.51,3,4,4,344,11,Loyal
17666,3,5,2047.80,5,4,4,544,13,Champions
14232,42,5,2048.07,4,4,4,444,12,Champions
16027,91,15,2048.36,3,5,4,354,12,Loyal
13874,358,7,2049.15,2,4,4,244,10,Loyal
17086,7,6,2050.08,5,4,4,544,13,Champions
16176,421,4,2052.69,1,3,4,134,8,"At Risk"
16794,1,15,2052.70,5,5,4,554,14,Champions
16235,40,9,2053.71,4,5,4,454,13,Champions
14188,30,6,2054.36,4,4,4,444,12,Champions
15253,16,8,2055.09,5,5,4,554,14,Champions
12518,0,5,2056.89,5,4,4,544,13,Champions
17633,31,7,2057.39,4,4,4,444,12,Champions
18258,464,6,2059.67,1,4,4,144,9,Loyal
13476,178,5,2061.47,3,4,4,344,11,Loyal
15221,366,4,2062.20,2,3,4,234,9,"At Risk"
16795,365,3,2062.41,2,3,4,234,9,"At Risk"
12586,17,4,2062.67,5,4,4,544,13,Champions
16726,26,7,2063.88,4,4,4,444,12,Champions
13748,95,9,2064.35,3,5,4,354,12,Loyal
17585,109,7,2064.71,3,4,4,344,11,Loyal
17048,117,7,2071.68,3,4,4,344,11,Loyal
18026,500,2,2074.07,1,2,4,124,7,"At Risk"
14443,53,5,2082.97,4,4,4,444,12,Champions
16934,54,6,2083.14,4,4,4,444,12,Champions
16016,3,11,2083.40,5,5,4,554,14,Champions
17705,3,11,2083.90,5,5,4,554,14,Champions
15151,423,2,2085.61,1,2,4,124,7,"At Risk"
15456,283,10,2091.52,2,5,4,254,11,Loyal
13265,53,5,2092.66,4,4,4,444,12,Champions
14469,416,4,2093.46,1,3,4,134,8,"At Risk"
13591,64,7,2093.94,3,4,4,344,11,Loyal
13753,287,4,2094.57,2,3,4,234,9,"At Risk"
17742,113,11,2098.48,3,5,4,354,12,Loyal
12610,22,5,2099.54,4,4,4,444,12,Champions
17159,21,5,2099.59,4,4,4,444,12,Champions
17897,172,9,2099.89,3,5,4,354,12,Loyal
12975,436,6,2100.09,1,4,4,144,9,Loyal
15815,63,5,2100.60,3,4,4,344,11,Loyal
14499,26,7,2101.79,4,4,4,444,12,Champions
14276,98,7,2102.68,3,4,4,344,11,Loyal
15252,36,5,2103.41,4,4,4,444,12,Champions
13610,12,14,2103.71,5,5,4,554,14,Champions
13755,3,9,2108.06,5,5,4,554,14,Champions
14399,394,8,2108.21,2,4,4,244,10,Loyal
12997,22,8,2110.91,4,4,4,444,12,Champions
16054,145,4,2111.88,3,3,4,334,10,Other
16201,3,5,2112.12,5,4,4,544,13,Champions
14691,30,5,2114.33,4,4,4,444,12,Champions
15658,190,8,2117.27,2,4,4,244,10,Loyal
14360,31,4,2118.03,4,4,4,444,12,Champions
14472,103,9,2118.72,3,5,4,354,12,Loyal
16996,30,9,2123.61,4,5,4,454,13,Champions
16807,142,6,2123.88,3,4,4,344,11,Loyal
14634,437,4,2124.46,1,3,4,134,8,"At Risk"
13517,59,3,2128.42,3,3,4,334,10,Other
16493,79,7,2132.09,3,4,4,344,11,Loyal
12560,5,3,2134.01,5,3,4,534,12,Other
18116,67,13,2134.49,3,5,4,354,12,Loyal
17305,648,1,2135.46,1,1,4,114,6,"At Risk"
17029,110,7,2137.30,3,4,4,344,11,Loyal
12687,480,2,2138.91,1,2,4,124,7,"At Risk"
13092,70,12,2140.28,3,5,4,354,12,Loyal
12576,35,8,2142.72,4,4,4,444,12,Champions
18009,235,8,2144.23,2,4,4,244,10,Loyal
16134,21,5,2145.34,4,4,4,444,12,Champions
13152,417,7,2146.38,1,4,4,144,9,Loyal
16004,474,5,2146.39,1,4,4,144,9,Loyal
16520,186,6,2148.38,3,4,4,344,11,Loyal
17272,42,4,2148.63,4,4,4,444,12,Champions
16716,266,3,2149.68,2,3,4,234,9,"At Risk"
14216,3,5,2150.04,5,4,4,544,13,Champions
16275,196,3,2151.11,2,3,4,234,9,"At Risk"
16600,4,13,2153.41,5,5,4,554,14,Champions
16966,8,7,2154.97,5,4,4,544,13,Champions
13224,60,2,2155.95,3,2,4,324,9,Other
15426,19,9,2156.35,5,5,4,554,14,Champions
13643,31,10,2156.77,4,5,4,454,13,Champions
16379,4,4,2157.40,5,4,4,544,13,Champions
14407,107,6,2157.73,3,4,4,344,11,Loyal
17460,94,16,2157.97,3,5,4,354,12,Loyal
17822,420,5,2162.93,1,4,4,144,9,Loyal
14573,179,13,2163.12,3,5,4,354,12,Loyal
15944,276,4,2164.24,2,3,4,234,9,"At Risk"
14595,19,8,2164.45,4,5,4,454,13,Champions
17732,372,8,2166.42,2,4,4,244,10,Loyal
12501,336,1,2169.39,2,1,4,214,7,"At Risk"
12856,7,6,2170.78,5,4,4,544,13,Champions
17324,17,12,2171.07,5,5,4,554,14,Champions
17905,71,13,2178.87,3,5,4,354,12,Loyal
15864,22,7,2180.76,4,4,4,444,12,Champions
14597,11,6,2184.63,5,4,4,544,13,Champions
14212,89,2,2190.14,3,2,4,324,9,Other
15934,417,2,2190.66,1,2,4,124,7,"At Risk"
16317,119,5,2192.51,3,4,4,344,11,Loyal
15100,333,7,2193.90,2,4,4,244,10,Loyal
14006,115,7,2196.67,3,4,4,344,11,Loyal
13410,24,9,2201.96,4,5,4,454,13,Champions
14467,17,12,2203.24,5,5,4,554,14,Champions
14834,17,7,2206.16,5,4,4,544,13,Champions
13094,21,13,2209.44,4,5,4,454,13,Champions
14177,86,13,2209.69,3,5,4,354,12,Loyal
15476,380,4,2209.98,2,3,4,234,9,"At Risk"
15550,4,12,2211.05,5,5,4,554,14,Champions
13320,78,6,2211.60,3,4,4,344,11,Loyal
13455,24,6,2212.99,4,4,4,444,12,Champions
13478,469,5,2215.78,1,4,4,144,9,Loyal
18177,31,9,2216.32,4,5,4,454,13,Champions
17648,60,5,2216.37,3,4,4,344,11,Loyal
14321,10,7,2218.06,5,4,4,544,13,Champions
13365,33,2,2225.37,4,3,4,434,11,Other
12783,2,6,2225.91,5,4,4,544,13,Champions
14449,18,8,2230.96,5,5,4,554,14,Champions
18215,89,5,2232.49,3,4,4,344,11,Loyal
13662,85,11,2233.61,3,5,4,354,12,Loyal
16076,3,10,2234.73,5,5,4,554,14,Champions
16108,84,4,2235.92,3,3,4,334,10,Other
17075,17,10,2236.63,5,5,4,554,14,Champions
17180,56,11,2236.77,4,5,4,454,13,Champions
16551,95,7,2237.12,3,4,4,344,11,Loyal
15629,450,4,2240.90,1,3,4,134,8,"At Risk"
15865,40,5,2241.42,4,4,4,444,12,Champions
14462,66,12,2242.81,3,5,4,354,12,Loyal
16823,227,7,2243.09,2,4,4,244,10,Loyal
13407,578,3,2244.70,1,3,4,134,8,"At Risk"
16042,22,8,2245.32,4,4,4,444,12,Champions
13627,59,7,2245.90,3,4,4,344,11,Loyal
16883,187,19,2246.06,3,5,4,354,12,Loyal
16174,126,7,2246.75,3,4,4,344,11,Loyal
16177,50,8,2247.31,4,4,4,444,12,Champions
14644,67,7,2247.72,3,4,4,344,11,Loyal
14432,9,6,2248.50,5,4,4,544,13,Champions
17414,43,6,2249.52,4,4,4,444,12,Champions
16350,21,9,2253.89,4,5,4,454,13,Champions
13117,21,18,2255.66,4,5,4,454,13,Champions
13814,92,3,2257.32,3,3,4,334,10,Other
13652,45,5,2262.05,4,4,4,444,12,Champions
15734,114,4,2263.30,3,3,4,334,10,Other
15638,378,6,2265.20,2,4,4,244,10,Loyal
12725,371,4,2266.76,2,3,4,234,9,"At Risk"
17994,121,11,2270.03,3,5,4,354,12,Loyal
13994,3,6,2274.14,5,4,4,544,13,Champions
14554,10,4,2279.49,5,4,4,544,13,Champions
13655,114,6,2280.51,3,4,4,344,11,Loyal
18051,634,7,2282.28,1,4,4,144,9,Loyal
12684,7,7,2283.63,5,4,4,544,13,Champions
14481,164,5,2284.69,3,4,4,344,11,Loyal
16485,77,5,2287.19,3,4,4,344,11,Loyal
17018,40,6,2287.70,4,4,4,444,12,Champions
17047,85,6,2289.23,3,4,4,344,11,Loyal
13059,249,10,2291.77,2,5,4,254,11,Loyal
13280,122,7,2293.33,3,4,4,344,11,Loyal
12649,107,8,2294.65,3,4,4,344,11,Loyal
12599,29,13,2296.72,4,5,4,454,13,Champions
13371,505,2,2297.66,1,2,4,124,7,"At Risk"
16531,22,11,2298.33,4,5,4,454,13,Champions
16077,625,1,2300.40,1,1,4,114,6,"At Risk"
18095,312,5,2303.09,2,4,4,244,10,Loyal
14555,57,6,2304.03,4,4,4,444,12,Champions
15946,502,3,2304.18,1,3,4,134,8,"At Risk"
17894,71,18,2304.58,3,5,4,354,12,Loyal
17113,574,6,2305.59,1,4,4,144,9,Loyal
13704,5,9,2308.06,5,5,4,554,14,Champions
17282,130,5,2308.54,3,4,4,344,11,Loyal
17193,35,9,2310.04,4,5,4,454,13,Champions
14346,120,5,2315.75,3,4,4,344,11,Loyal
12948,16,9,2317.43,5,5,4,554,14,Champions
12724,5,7,2317.52,5,4,4,544,13,Champions
16628,29,7,2318.10,4,4,4,444,12,Champions
13055,78,4,2321.11,3,3,4,334,10,Other
13091,28,3,2321.82,4,3,4,434,11,Other
14938,562,2,2322.43,1,2,4,124,7,"At Risk"
17004,46,4,2324.36,4,4,4,444,12,Champions
17313,31,1,2328.84,4,1,4,414,9,Other
16496,8,6,2330.77,5,4,4,544,13,Champions
13614,24,6,2332.74,4,4,4,444,12,Champions
15549,77,8,2334.16,3,4,4,344,11,Loyal
12584,3,9,2338.15,5,5,4,554,14,Champions
17591,73,8,2339.32,3,4,4,344,11,Loyal
12704,7,8,2340.84,5,5,4,554,14,Champions
16085,23,12,2341.03,4,5,4,454,13,Champions
16083,100,4,2351.42,3,3,4,334,10,Other
14810,40,13,2354.03,4,5,4,454,13,Champions
17969,166,20,2354.29,3,5,4,354,12,Loyal
15015,501,13,2354.97,1,5,4,154,10,Loyal
17634,36,9,2358.59,4,5,4,454,13,Champions
15860,40,17,2361.30,4,5,4,454,13,Champions
16676,33,6,2361.90,4,4,4,444,12,Champions
14295,40,5,2362.91,4,4,4,444,12,Champions
14496,311,7,2363.89,2,4,4,244,10,Loyal
16005,12,10,2365.49,5,5,4,554,14,Champions
17623,32,7,2365.77,4,4,4,444,12,Champions
13908,79,4,2369.55,3,3,4,334,10,Other
17434,2,7,2373.82,5,4,4,544,13,Champions
17827,5,6,2376.17,5,4,4,544,13,Champions
16638,22,15,2380.13,4,5,4,454,13,Champions
16105,248,5,2386.19,2,4,4,244,10,Loyal
15366,75,7,2389.08,3,4,4,344,11,Loyal
16812,360,4,2392.00,2,3,4,234,9,"At Risk"
17921,64,10,2394.36,3,5,4,354,12,Loyal
16147,133,5,2398.91,3,4,4,344,11,Loyal
14414,91,8,2399.33,3,4,4,344,11,Loyal
12393,72,6,2399.45,3,4,4,344,11,Loyal
15793,14,8,2399.57,5,5,4,554,14,Champions
13173,4,11,2399.82,5,5,4,554,14,Champions
15341,80,2,2402.72,3,2,4,324,9,Other
16163,232,6,2407.98,2,4,4,244,10,Loyal
16833,1,6,2409.04,5,4,4,544,13,Champions
12397,35,2,2409.90,4,3,4,434,11,Other
14205,16,9,2414.20,5,5,4,554,14,Champions
13118,19,9,2415.41,4,5,4,454,13,Champions
12802,186,7,2416.42,3,4,4,344,11,Loyal
16470,51,11,2416.85,4,5,4,454,13,Champions
13878,54,4,2416.90,4,4,4,444,12,Champions
16040,65,7,2416.90,3,4,4,344,11,Loyal
15489,22,8,2419.61,4,4,4,444,12,Champions
15089,10,6,2420.84,5,4,4,544,13,Champions
15215,46,7,2422.43,4,4,4,444,12,Champions
12733,234,4,2424.87,2,3,4,234,9,"At Risk"
13949,2,6,2427.32,5,4,4,544,13,Champions
15077,494,2,2428.08,1,2,4,124,7,"At Risk"
14502,19,11,2429.83,4,5,4,454,13,Champions
13085,157,8,2433.28,3,4,4,344,11,Loyal
17505,161,5,2435.48,3,4,4,344,11,Loyal
15623,141,8,2437.05,3,4,4,344,11,Loyal
18171,58,9,2437.31,4,5,4,454,13,Champions
17348,14,9,2442.29,5,5,4,554,14,Champions
15111,29,5,2442.37,4,4,4,444,12,Champions
17320,100,6,2444.85,3,4,4,344,11,Loyal
13338,157,4,2445.62,3,3,4,334,10,Other
12701,79,6,2446.41,3,4,4,344,11,Loyal
17676,4,10,2448.64,5,5,4,554,14,Champions
17629,5,10,2455.52,5,5,4,554,14,Champions
14256,260,5,2460.79,2,4,4,244,10,Loyal
17131,5,5,2463.17,5,4,4,544,13,Champions
13151,295,3,2465.21,2,3,4,234,9,"At Risk"
17164,32,7,2467.35,4,4,4,444,12,Champions
17288,9,11,2468.43,5,5,4,554,14,Champions
14421,57,6,2469.37,4,4,4,444,12,Champions
12924,88,12,2469.40,3,5,4,354,12,Loyal
13762,218,5,2472.48,2,4,4,244,10,Loyal
14696,4,8,2473.28,5,5,4,554,14,Champions
13134,85,6,2475.23,3,4,4,344,11,Loyal
13588,15,9,2478.95,5,5,4,554,14,Champions
13507,3,4,2479.16,5,4,4,544,13,Champions
12517,28,5,2481.60,4,4,4,444,12,Champions
15716,145,11,2485.26,3,5,4,354,12,Loyal
15117,14,8,2485.97,5,5,4,554,14,Champions
15227,36,9,2488.49,4,5,4,454,13,Champions
17262,52,11,2488.76,4,5,4,454,13,Champions
14541,58,14,2491.38,4,5,4,454,13,Champions
13414,133,6,2494.14,3,4,4,344,11,Loyal
15932,4,8,2495.87,5,5,4,554,14,Champions
17594,85,4,2497.88,3,3,4,334,10,Other
15747,12,9,2499.81,5,5,4,554,14,Champions
15021,8,12,2500.59,5,5,4,554,14,Champions
13471,1,4,2501.84,5,4,4,544,13,Champions
16202,360,9,2501.99,2,5,4,254,11,Loyal
12978,385,5,2502.82,2,4,4,244,10,Loyal
17550,197,9,2506.64,2,5,4,254,11,Loyal
17101,10,7,2507.05,5,4,4,544,13,Champions
13344,67,3,2511.69,3,3,4,334,10,Other
15862,8,13,2512.29,5,5,4,554,14,Champions
16987,3,11,2521.40,5,5,4,554,14,Champions
14790,16,10,2526.62,5,5,4,554,14,Champions
16889,194,6,2526.65,2,4,4,244,10,Loyal
14659,8,9,2529.93,5,5,4,554,14,Champions
15906,19,10,2530.19,5,5,4,554,14,Champions
13623,30,10,2533.06,4,5,4,454,13,Champions
17463,16,7,2535.26,5,4,4,544,13,Champions
14548,150,9,2541.29,3,5,4,354,12,Loyal
17465,425,7,2542.79,1,4,4,144,9,Loyal
18179,9,8,2547.55,5,5,4,554,14,Champions
14745,112,12,2551.41,3,5,4,354,12,Loyal
16115,9,12,2553.80,5,5,4,554,14,Champions
13862,18,9,2556.09,5,5,4,554,14,Champions
16036,87,4,2556.84,3,3,4,334,10,Other
15033,4,10,2557.18,5,5,4,554,14,Champions
13192,95,6,2558.58,3,4,4,344,11,Loyal
16817,2,13,2560.70,5,5,4,554,14,Champions
15434,8,11,2567.06,5,5,4,554,14,Champions
17002,85,7,2571.55,3,4,4,344,11,Loyal
17095,22,7,2572.25,4,4,4,444,12,Champions
16499,360,8,2578.34,2,4,4,244,10,Loyal
12592,92,5,2582.66,3,4,4,344,11,Loyal
15062,71,8,2585.62,3,4,4,344,11,Loyal
16206,54,13,2589.87,4,5,4,454,13,Champions
14147,78,9,2590.20,3,5,4,354,12,Loyal
14129,1,9,2591.34,5,5,4,554,14,Champions
17043,32,8,2593.65,4,4,4,444,12,Champions
14229,51,7,2594.04,4,4,4,444,12,Champions
14163,87,5,2594.62,3,4,4,344,11,Loyal
12412,74,6,2596.93,3,4,4,344,11,Loyal
13700,26,13,2596.97,4,5,4,454,13,Champions
15826,56,4,2598.28,4,4,4,444,12,Champions
17317,46,3,2600.34,4,3,4,434,11,Other
15660,25,15,2603.69,4,5,4,454,13,Champions
14564,434,2,2605.62,1,2,4,124,7,"At Risk"
14397,2,19,2612.96,5,5,4,554,14,Champions
14431,302,4,2614.20,2,3,4,234,9,"At Risk"
14195,201,6,2615.60,2,4,4,244,10,Loyal
14262,8,8,2618.23,5,5,4,554,14,Champions
13211,10,10,2618.77,5,5,4,554,14,Champions
15142,46,6,2619.92,4,4,4,444,12,Champions
12423,0,10,2622.39,5,5,4,554,14,Champions
12671,606,1,2622.48,1,1,4,114,6,"At Risk"
13644,16,4,2624.26,5,4,4,544,13,Champions
13422,64,1,2626.30,3,2,4,324,9,Other
17470,44,11,2626.47,4,5,4,454,13,Champions
16276,176,3,2629.39,3,3,4,334,10,Other
14410,92,11,2631.90,3,5,4,354,12,Loyal
12520,79,5,2634.26,3,4,4,344,11,Loyal
15814,16,6,2634.44,5,4,4,544,13,Champions
13819,301,6,2642.35,2,4,4,244,10,Loyal
16618,31,5,2647.59,4,4,4,444,12,Champions
13203,9,10,2648.25,5,5,4,554,14,Champions
12516,77,4,2648.62,3,3,4,334,10,Other
17744,3,7,2649.14,5,4,4,544,13,Champions
14756,15,3,2653.76,5,3,4,534,12,Other
15157,3,5,2654.11,5,4,4,544,13,Champions
16369,18,7,2656.56,5,4,4,544,13,Champions
15671,18,7,2657.13,5,4,4,544,13,Champions
13473,60,8,2657.76,3,4,4,344,11,Loyal
15910,0,15,2661.17,5,5,4,554,14,Champions
18283,3,22,2664.90,5,5,4,554,14,Champions
17720,26,10,2666.91,4,5,4,454,13,Champions
16434,29,12,2673.69,4,5,4,454,13,Champions
17388,77,11,2675.37,3,5,4,354,12,Loyal
14748,29,10,2681.90,4,5,4,454,13,Champions
16086,59,10,2687.73,3,5,4,354,12,Loyal
12820,3,11,2689.52,5,5,4,554,14,Champions
18173,86,5,2696.36,3,4,4,344,11,Loyal
16359,7,16,2697.75,5,5,4,554,14,Champions
17884,3,20,2698.47,5,5,4,554,14,Champions
16232,43,7,2712.97,4,4,4,444,12,Champions
15985,123,7,2715.28,3,4,4,344,11,Loyal
14808,39,8,2718.60,4,4,4,444,12,Champions
14125,10,3,2720.63,5,3,4,534,12,Other
16190,40,8,2723.55,4,4,4,444,12,Champions
14404,33,13,2724.13,4,5,4,454,13,Champions
12391,21,6,2724.84,4,4,4,444,12,Champions
12739,78,4,2726.73,3,3,4,334,10,Other
15596,100,9,2727.72,3,5,4,354,12,Loyal
12986,428,10,2729.84,1,5,4,154,10,Loyal
15389,172,5,2733.80,3,4,4,344,11,Loyal
17241,385,12,2736.64,2,5,4,254,11,Loyal
13077,1,11,2740.65,5,5,4,554,14,Champions
15841,72,9,2742.41,3,5,4,354,12,Loyal
12669,150,3,2744.03,3,3,4,334,10,Other
12982,242,8,2744.81,2,4,4,244,10,Loyal
14665,60,7,2749.65,3,4,4,344,11,Loyal
17490,0,9,2750.50,5,5,4,554,14,Champions
13736,5,7,2752.47,5,4,4,544,13,Champions
17870,2,13,2753.29,5,5,4,554,14,Champions
16335,551,7,2753.52,1,4,4,144,9,Loyal
17368,23,14,2758.29,4,5,4,454,13,Champions
17115,8,7,2761.49,5,4,4,544,13,Champions
16407,12,14,2761.65,5,5,4,554,14,Champions
13813,39,8,2765.47,4,4,4,444,12,Champions
15817,420,3,2766.40,1,3,4,134,8,"At Risk"
18210,1,7,2768.83,5,4,4,544,13,Champions
13695,31,16,2770.73,4,5,4,454,13,Champions
15965,17,13,2771.94,5,5,4,554,14,Champions
15235,217,16,2772.76,2,5,4,254,11,Loyal
17031,11,6,2773.85,5,4,4,544,13,Champions
16104,61,9,2774.46,3,5,4,354,12,Loyal
15993,8,7,2777.67,5,4,4,544,13,Champions
14869,8,6,2778.14,5,4,4,544,13,Champions
17790,26,20,2779.41,4,5,4,454,13,Champions
14121,3,4,2780.15,5,4,4,544,13,Champions
13719,15,11,2783.08,5,5,4,554,14,Champions
17552,60,12,2786.77,3,5,4,354,12,Loyal
15073,9,8,2788.02,5,5,4,554,14,Champions
17284,60,8,2788.06,3,4,4,344,11,Loyal
16764,3,13,2790.95,5,5,4,554,14,Champions
12863,52,6,2792.55,4,4,4,444,12,Champions
15353,254,7,2794.47,2,4,4,244,10,Loyal
14035,28,9,2794.75,4,5,4,454,13,Champions
14903,21,5,2795.33,4,4,4,444,12,Champions
17530,1,12,2795.59,5,5,4,554,14,Champions
13330,92,6,2796.10,3,4,4,344,11,Loyal
16742,46,14,2799.87,4,5,4,454,13,Champions
12826,2,12,2800.75,5,5,4,554,14,Champions
13205,443,1,2803.20,1,1,4,114,6,"At Risk"
13799,116,9,2803.57,3,5,4,354,12,Loyal
16871,22,6,2812.34,4,4,4,444,12,Champions
17386,7,7,2812.77,5,4,4,544,13,Champions
13032,52,9,2815.96,4,5,4,454,13,Champions
13477,37,11,2819.17,4,5,4,454,13,Champions
17228,15,13,2820.03,5,5,4,554,14,Champions
16775,10,16,2820.84,5,5,4,554,14,Champions
15797,113,6,2821.08,3,4,4,344,11,Loyal
14842,43,4,2824.69,4,4,4,444,12,Champions
14711,10,11,2839.62,5,5,4,554,14,Champions
16554,42,8,2841.72,4,4,4,444,12,Champions
12676,24,11,2843.09,4,5,4,454,13,Champions
14935,297,2,2849.83,2,2,4,224,8,"At Risk"
12352,36,10,2849.84,4,5,4,454,13,Champions
13728,36,16,2855.17,4,5,4,454,13,Champions
16225,44,15,2859.31,4,5,4,454,13,Champions
15563,22,7,2859.46,4,4,4,444,12,Champions
16979,3,9,2859.74,5,5,4,554,14,Champions
13963,308,17,2860.57,2,5,4,254,11,Loyal
14875,107,3,2862.40,3,3,4,334,10,Other
12685,28,6,2863.08,4,4,4,444,12,Champions
16062,9,8,2863.45,5,5,4,554,14,Champions
16755,114,7,2864.68,3,4,4,344,11,Loyal
14758,144,7,2864.97,3,4,4,344,11,Loyal
17961,21,100,2866.74,4,5,4,454,13,Champions
16229,87,6,2867.86,3,4,4,344,11,Loyal
16711,3,9,2868.48,5,5,4,554,14,Champions
16467,508,7,2869.16,1,4,4,144,9,Loyal
15043,31,6,2870.32,4,4,4,444,12,Champions
14005,9,5,2874.72,5,4,4,544,13,Champions
18170,33,9,2878.00,4,5,4,454,13,Champions
12806,435,4,2878.96,1,3,4,134,8,"At Risk"
14251,1,5,2879.70,5,4,4,544,13,Champions
16633,17,6,2883.10,5,4,4,544,13,Champions
13501,288,3,2885.11,2,3,4,234,9,"At Risk"
17242,108,5,2889.28,3,4,4,344,11,Loyal
16383,74,7,2896.69,3,4,4,344,11,Loyal
14293,3,9,2903.01,5,5,4,554,14,Champions
14233,49,7,2904.27,4,4,4,444,12,Champions
12438,14,2,2906.85,5,3,4,534,12,Other
14524,31,13,2909.86,4,5,4,454,13,Champions
13784,9,14,2910.23,5,5,4,554,14,Champions
15392,4,7,2911.62,5,4,5,545,14,Champions
13764,70,6,2919.62,3,4,5,345,12,Loyal
16358,1,5,2919.65,5,4,5,545,14,Champions
12906,11,5,2919.81,5,4,5,545,14,Champions
13890,1,14,2927.38,5,5,5,555,15,Champions
15312,75,12,2930.19,3,5,5,355,13,Loyal
12635,89,4,2930.41,3,3,5,335,11,Other
12967,358,3,2938.52,2,3,5,235,10,"At Risk"
14544,24,3,2938.53,4,3,5,435,12,Other
17588,100,7,2939.55,3,4,5,345,12,Loyal
17444,147,3,2940.04,3,3,5,335,11,Other
15757,65,6,2940.36,3,4,5,345,12,Loyal
12877,3,20,2942.14,5,5,5,555,15,Champions
13253,156,4,2951.11,3,3,5,335,11,Other
14867,185,16,2952.06,3,5,5,355,13,Loyal
16736,505,5,2956.56,1,4,5,145,10,Loyal
13110,31,12,2957.47,4,5,5,455,14,Champions
13012,9,11,2957.83,5,5,5,555,15,Champions
16416,26,9,2957.88,4,5,5,455,14,Champions
15329,39,11,2958.83,4,5,5,455,14,Champions
14506,17,7,2960.25,5,4,5,545,14,Champions
15967,23,12,2966.00,4,5,5,455,14,Champions
16120,59,6,2967.51,3,4,5,345,12,Loyal
12854,78,7,2970.97,3,4,5,345,12,Loyal
17692,127,12,2975.80,3,5,5,355,13,Loyal
12838,33,10,2975.91,4,5,5,455,14,Champions
17655,10,9,2976.38,5,5,5,555,15,Champions
16012,35,5,2978.59,4,4,5,445,13,Champions
17032,547,8,2984.32,1,4,5,145,10,Loyal
14226,28,6,2985.13,4,4,5,445,13,Champions
18241,9,21,2986.99,5,5,5,555,15,Champions
12374,25,4,2989.22,4,4,5,445,13,Champions
15681,25,14,2989.70,4,5,5,455,14,Champions
14344,127,20,2993.05,3,5,5,355,13,Loyal
15687,8,9,2993.10,5,5,5,555,15,Champions
14590,424,20,2993.37,1,5,5,155,11,Loyal
12457,66,8,2995.91,3,4,5,345,12,Loyal
14161,215,7,2996.93,2,4,5,245,11,Loyal
15611,9,26,2997.28,5,5,5,555,15,Champions
15182,154,11,2998.95,3,5,5,355,13,Loyal
15810,78,8,2999.04,3,4,5,345,12,Loyal
13635,67,4,2999.16,3,3,5,335,11,Other
14621,1,9,3000.57,5,5,5,555,15,Champions
16718,369,5,3006.08,2,4,5,245,11,Loyal
12754,235,3,3010.74,2,3,5,235,10,"At Risk"
13848,92,8,3015.00,3,4,5,345,12,Loyal
14456,5,9,3017.28,5,5,5,555,15,Champions
13485,233,11,3019.22,2,5,5,255,12,Loyal
13557,28,13,3032.26,4,5,5,455,14,Champions
14673,3,7,3037.32,5,4,5,545,14,Champions
15754,51,9,3037.61,4,5,5,455,14,Champions
13647,9,8,3041.68,5,5,5,555,15,Champions
12849,31,6,3042.47,4,4,5,445,13,Champions
14916,70,8,3042.95,3,4,5,345,12,Loyal
16560,26,8,3048.38,4,4,5,445,13,Champions
15241,66,11,3050.16,3,5,5,355,13,Loyal
16007,47,7,3053.06,4,4,5,445,13,Champions
16059,65,12,3053.57,3,5,5,355,13,Loyal
16400,94,9,3059.85,3,5,5,355,13,Loyal
13196,11,7,3068.84,5,4,5,545,14,Champions
14038,78,5,3069.88,3,4,5,345,12,Loyal
13631,99,11,3070.42,3,5,5,355,13,Loyal
12469,522,2,3070.54,1,2,5,125,8,"At Risk"
14700,32,5,3076.06,4,4,5,445,13,Champions
14044,26,10,3077.70,4,5,5,455,14,Champions
17090,4,13,3080.18,5,5,5,555,15,Champions
17929,11,12,3082.10,5,5,5,555,15,Champions
12511,428,1,3084.02,1,1,5,115,7,"At Risk"
15373,8,17,3084.54,5,5,5,555,15,Champions
14312,46,11,3090.29,4,5,5,455,14,Champions
15105,18,9,3094.91,5,5,5,555,15,Champions
12937,15,9,3097.61,5,5,5,555,15,Champions
13464,58,6,3097.64,4,4,5,445,13,Champions
16933,1,9,3099.30,5,5,5,555,15,Champions
13772,33,8,3100.02,4,4,5,445,13,Champions
15491,95,6,3100.09,3,4,5,345,12,Loyal
15031,4,14,3102.94,5,5,5,555,15,Champions
13538,43,12,3103.13,4,5,5,455,14,Champions
12909,39,8,3103.19,4,4,5,445,13,Champions
13742,16,12,3107.87,5,5,5,555,15,Champions
16678,2,12,3109.99,5,5,5,555,15,Champions
15983,22,8,3110.37,4,4,5,445,13,Champions
14978,72,10,3112.19,3,5,5,355,13,Loyal
13692,24,5,3114.40,4,4,5,445,13,Champions
13052,212,7,3119.33,2,4,5,245,11,Loyal
13685,2,7,3119.44,5,4,5,545,14,Champions
17145,512,4,3120.91,1,3,5,135,9,"At Risk"
15199,59,10,3122.40,3,5,5,355,13,Loyal
14963,9,12,3123.57,5,5,5,555,15,Champions
13786,367,6,3127.99,2,4,5,245,11,Loyal
17354,50,4,3133.96,4,4,5,445,13,Champions
15602,8,16,3137.96,5,5,5,555,15,Champions
14897,7,8,3140.54,5,5,5,555,15,Champions
15095,103,10,3141.64,3,5,5,355,13,Loyal
17702,30,6,3144.04,4,4,5,445,13,Champions
15916,16,13,3145.24,5,5,5,555,15,Champions
15614,437,4,3147.36,1,3,5,135,9,"At Risk"
14306,51,6,3151.40,4,4,5,445,13,Champions
16584,80,5,3156.17,3,4,5,345,12,Loyal
12976,211,8,3156.38,2,4,5,245,11,Loyal
13804,30,9,3161.12,4,5,5,455,14,Champions
16041,30,3,3166.40,4,3,5,435,12,Other
16365,17,15,3167.34,5,5,5,555,15,Champions
17640,86,6,3168.94,3,4,5,345,12,Loyal
16837,31,11,3170.98,4,5,5,455,14,Champions
13268,17,11,3174.75,5,5,5,555,15,Champions
17621,21,6,3175.12,4,4,5,445,13,Champions
16515,52,10,3179.06,4,5,5,455,14,Champions
12456,44,3,3181.04,4,3,5,435,12,Other
13397,72,10,3191.87,3,5,5,355,13,Loyal
13868,7,2,3192.54,5,3,5,535,13,Other
15027,30,10,3195.60,4,5,5,455,14,Champions
14315,44,8,3197.82,4,4,5,445,13,Champions
17147,22,9,3199.95,4,5,5,455,14,Champions
16107,17,7,3204.16,5,4,5,545,14,Champions
16918,49,16,3206.54,4,5,5,455,14,Champions
12951,8,15,3213.72,5,5,5,555,15,Champions
14507,23,11,3216.74,4,5,5,455,14,Champions
14669,241,7,3216.78,2,4,5,245,11,Loyal
16101,70,4,3229.16,3,3,5,335,11,Other
12963,8,12,3235.79,5,5,5,555,15,Champions
15625,103,9,3236.40,3,5,5,355,13,Loyal
15356,31,13,3239.57,4,5,5,455,14,Champions
17353,129,4,3242.00,3,3,5,335,11,Other
15140,52,8,3243.69,4,4,5,445,13,Champions
16612,32,9,3245.43,4,5,5,455,14,Champions
12770,210,2,3246.45,2,2,5,225,9,"At Risk"
15380,8,11,3248.96,5,5,5,555,15,Champions
14215,11,9,3250.33,5,5,5,555,15,Champions
15057,275,5,3255.96,2,4,5,245,11,Loyal
17924,11,8,3257.70,5,5,5,555,15,Champions
14451,60,12,3258.68,3,5,5,355,13,Loyal
14064,29,15,3260.24,4,5,5,455,14,Champions
13214,417,7,3264.23,1,4,5,145,10,Loyal
16067,562,3,3269.11,1,3,5,135,9,"At Risk"
13291,155,11,3270.79,3,5,5,355,13,Loyal
17774,96,9,3273.83,3,5,5,355,13,Loyal
15978,77,3,3279.42,3,3,5,335,11,Other
18188,15,6,3280.59,5,4,5,545,14,Champions
12872,326,12,3283.96,2,5,5,255,12,Loyal
14285,21,8,3284.42,4,4,5,445,13,Champions
15632,15,8,3285.31,5,5,5,555,15,Champions
13650,16,10,3288.00,5,5,5,555,15,Champions
16539,2,10,3289.66,5,5,5,555,15,Champions
17768,8,7,3292.73,5,4,5,545,14,Champions
13031,407,5,3292.84,2,4,5,245,11,Loyal
13611,89,10,3297.93,3,5,5,355,13,Loyal
14217,1,23,3298.59,5,5,5,555,15,Champions
13131,23,7,3313.77,4,4,5,445,13,Champions
13824,32,12,3314.76,4,5,5,455,14,Champions
13431,67,8,3316.24,3,4,5,345,12,Loyal
12865,26,4,3323.47,4,4,5,445,13,Champions
15065,37,5,3326.86,4,4,5,445,13,Champions
16351,332,13,3330.03,2,5,5,255,12,Loyal
12424,162,4,3340.03,3,3,5,335,11,Other
15265,151,4,3345.64,3,3,5,335,11,Other
17183,7,6,3347.31,5,4,5,545,14,Champions
16818,10,11,3349.57,5,5,5,555,15,Champions
13246,18,11,3351.75,5,5,5,555,15,Champions
18219,2,17,3352.70,5,5,5,555,15,Champions
14608,4,11,3352.94,5,5,5,555,15,Champions
15538,537,6,3358.40,1,4,5,145,10,Loyal
13285,23,6,3364.59,4,4,5,445,13,Champions
13707,267,5,3365.86,2,4,5,245,11,Loyal
14898,23,14,3365.95,4,5,5,455,14,Champions
13135,196,2,3371.45,2,2,5,225,9,"At Risk"
17723,127,7,3378.40,3,4,5,345,12,Loyal
13979,73,7,3379.93,3,4,5,345,12,Loyal
15058,25,16,3387.58,4,5,5,455,14,Champions
13425,108,5,3390.43,3,4,5,345,12,Loyal
16271,2,10,3397.82,5,5,5,555,15,Champions
15114,30,12,3400.12,4,5,5,455,14,Champions
17931,134,14,3402.24,3,5,5,355,13,Loyal
13823,18,7,3403.45,5,4,5,545,14,Champions
13437,14,7,3408.06,5,4,5,545,14,Champions
16281,72,3,3424.02,3,3,5,335,11,Other
17876,399,3,3424.02,2,3,5,235,10,"At Risk"
12377,315,4,3426.32,2,3,5,235,10,"At Risk"
14409,71,9,3427.29,3,5,5,355,13,Loyal
17913,58,14,3429.29,4,5,5,455,14,Champions
15351,12,10,3430.22,5,5,5,555,15,Champions
16045,119,8,3434.93,3,4,5,345,12,Loyal
18168,176,16,3435.50,3,5,5,355,13,Loyal
15676,18,3,3435.76,5,3,5,535,13,Other
12609,78,9,3435.86,3,5,5,355,13,Loyal
17725,16,11,3439.08,5,5,5,555,15,Champions
15953,15,18,3440.34,5,5,5,555,15,Champions
16208,44,10,3440.45,4,5,5,455,14,Champions
15974,39,7,3442.15,4,4,5,445,13,Champions
16347,11,11,3442.96,5,5,5,555,15,Champions
13536,1,7,3444.39,5,4,5,545,14,Champions
13313,22,12,3445.32,4,5,5,455,14,Champions
16360,4,6,3450.41,5,4,5,545,14,Champions
14837,89,9,3460.32,3,5,5,355,13,Loyal
14533,24,11,3466.37,4,5,5,455,14,Champions
13849,51,5,3469.30,4,4,5,445,13,Champions
15712,9,12,3472.41,5,5,5,555,15,Champions
12631,57,6,3481.57,4,4,5,445,13,Champions
17597,213,5,3484.09,2,4,5,245,11,Loyal
15306,64,9,3484.73,3,5,5,355,13,Loyal
15811,22,7,3486.15,4,4,5,445,13,Champions
13577,25,11,3489.28,4,5,5,455,14,Champions
16983,12,11,3490.53,5,5,5,555,15,Champions
15059,40,19,3491.20,4,5,5,455,14,Champions
13929,169,11,3494.10,3,5,5,355,13,Loyal
14934,81,5,3503.50,3,4,5,345,12,Loyal
18044,4,18,3505.61,5,5,5,555,15,Champions
15113,9,3,3509.43,5,3,5,535,13,Other
16719,14,14,3513.62,5,5,5,555,15,Champions
16336,420,4,3517.69,1,3,5,135,9,"At Risk"
16395,60,14,3518.41,3,5,5,355,13,Loyal
17722,96,5,3520.22,3,4,5,345,12,Loyal
12645,33,8,3539.30,4,4,5,445,13,Champions
16950,56,10,3541.77,4,5,5,455,14,Champions
14503,3,6,3543.26,5,4,5,545,14,Champions
14882,26,14,3546.65,4,5,5,455,14,Champions
15222,318,11,3550.91,2,5,5,255,12,Loyal
15858,15,13,3552.41,5,5,5,555,15,Champions
14737,3,4,3554.17,5,4,5,545,14,Champions
17848,81,30,3559.11,3,5,5,355,13,Loyal
15024,9,16,3559.39,5,5,5,555,15,Champions
17311,78,6,3566.56,3,4,5,345,12,Loyal
17679,52,7,3577.61,4,4,5,445,13,Champions
15569,103,10,3583.45,3,5,5,355,13,Loyal
14132,2,11,3586.03,5,5,5,555,15,Champions
17659,17,14,3586.99,5,5,5,555,15,Champions
14653,1,12,3593.06,5,5,5,555,15,Champions
17422,16,11,3594.76,5,5,5,555,15,Champions
16325,46,12,3597.50,4,5,5,455,14,Champions
13750,53,11,3602.18,4,5,5,455,14,Champions
17019,11,11,3602.29,5,5,5,555,15,Champions
15827,73,28,3603.14,3,5,5,355,13,Loyal
18242,72,8,3605.21,3,4,5,345,12,Loyal
15791,43,5,3608.34,4,4,5,445,13,Champions
15505,52,5,3610.96,4,4,5,445,13,Champions
16503,106,11,3614.34,3,5,5,355,13,Loyal
13305,4,16,3616.41,5,5,5,555,15,Champions
15079,212,11,3625.40,2,5,5,255,12,Loyal
16444,46,17,3625.88,4,5,5,455,14,Champions
17528,1,8,3628.50,5,5,5,555,15,Champions
16053,32,6,3634.84,4,4,5,445,13,Champions
16748,17,14,3637.33,5,5,5,555,15,Champions
14770,232,8,3637.64,2,4,5,245,11,Loyal
17063,21,13,3638.53,4,5,5,455,14,Champions
13632,24,8,3645.81,4,4,5,445,13,Champions
14640,24,10,3649.36,4,5,5,455,14,Champions
14649,4,9,3651.19,5,5,5,555,15,Champions
14857,59,7,3651.85,3,4,5,345,12,Loyal
14744,16,14,3660.08,5,5,5,555,15,Champions
14593,21,12,3665.53,4,5,5,455,14,Champions
12468,187,5,3670.74,3,4,5,345,12,Loyal
12857,210,6,3688.00,2,4,5,245,11,Loyal
16094,11,11,3695.56,5,5,5,555,15,Champions
17096,15,11,3697.93,5,5,5,555,15,Champions
16772,423,3,3698.05,1,3,5,135,9,"At Risk"
15494,21,5,3702.60,4,4,5,445,13,Champions
15255,66,9,3706.02,3,5,5,355,13,Loyal
14776,51,15,3708.30,4,5,5,455,14,Champions
14540,9,11,3709.64,5,5,5,555,15,Champions
12737,498,2,3710.50,1,2,5,125,8,"At Risk"
15288,43,10,3715.38,4,5,5,455,14,Champions
14364,108,8,3717.35,3,4,5,345,12,Loyal
16240,24,2,3718.80,4,3,5,435,12,Other
12502,95,5,3723.87,3,4,5,345,12,Loyal
14515,17,12,3724.06,5,5,5,555,15,Champions
15704,140,6,3734.66,3,4,5,345,12,Loyal
15532,25,10,3738.85,4,5,5,455,14,Champions
15370,40,8,3739.01,4,4,5,445,13,Champions
12623,276,7,3747.84,2,4,5,245,11,Loyal
17293,8,17,3750.63,5,5,5,555,15,Champions
17553,129,4,3757.60,3,3,5,335,11,Other
12530,59,9,3759.26,3,5,5,355,13,Loyal
12670,10,7,3760.29,5,4,5,545,14,Champions
15834,70,7,3764.39,3,4,5,345,12,Loyal
17173,5,8,3766.60,5,5,5,555,15,Champions
16466,33,15,3767.09,4,5,5,455,14,Champions
17211,26,13,3773.35,4,5,5,455,14,Champions
13126,4,13,3774.81,5,5,5,555,15,Champions
14309,8,11,3780.81,5,5,5,555,15,Champions
12619,16,10,3781.38,5,5,5,555,15,Champions
17071,28,13,3793.71,4,5,5,455,14,Champions
16128,17,11,3801.05,5,5,5,555,15,Champions
16636,438,4,3802.04,1,3,5,135,9,"At Risk"
17954,5,19,3804.38,5,5,5,555,15,Champions
15421,58,10,3805.34,4,5,5,455,14,Champions
13357,257,5,3805.51,2,4,5,245,11,Loyal
12597,19,4,3811.22,4,4,5,445,13,Champions
17287,26,21,3826.86,4,5,5,455,14,Champions
13481,45,11,3830.84,4,5,5,455,14,Champions
14532,236,11,3845.78,2,5,5,255,12,Loyal
16341,24,7,3850.79,4,4,5,445,13,Champions
13213,56,11,3851.52,4,5,5,455,14,Champions
16057,16,10,3854.85,5,5,5,555,15,Champions
16440,7,6,3856.97,5,4,5,545,14,Champions
14565,95,5,3859.22,3,4,5,345,12,Loyal
18073,114,12,3859.82,3,5,5,355,13,Loyal
15195,2,1,3861.00,5,1,5,515,11,Other
15067,78,5,3862.88,3,4,5,345,12,Loyal
14655,8,7,3878.51,5,4,5,545,14,Champions
15696,33,13,3881.22,4,5,5,455,14,Champions
13446,430,11,3881.89,1,5,5,155,11,Loyal
15823,372,3,3882.17,2,3,5,235,10,"At Risk"
12358,1,5,3887.07,5,4,5,545,14,Champions
15708,40,9,3887.15,4,5,5,455,14,Champions
17218,4,18,3891.39,5,5,5,555,15,Champions
15571,11,14,3892.35,5,5,5,555,15,Champions
16928,80,29,3897.53,3,5,5,355,13,Loyal
17646,219,12,3898.79,2,5,5,255,12,Loyal
14498,42,10,3900.83,4,5,5,455,14,Champions
12388,15,8,3901.11,5,5,5,555,15,Champions
13995,15,14,3902.01,5,5,5,555,15,Champions
12853,134,11,3907.50,3,5,5,355,13,Loyal
13037,138,12,3914.95,3,5,5,355,13,Loyal
15752,39,9,3924.91,4,5,5,455,14,Champions
14465,246,11,3925.85,2,5,5,255,12,Loyal
15051,23,9,3926.91,4,5,5,455,14,Champions
12473,29,5,3928.05,4,4,5,445,13,Champions
15819,49,10,3934.79,4,5,5,455,14,Champions
17526,4,12,3939.24,5,5,5,555,15,Champions
18259,24,7,3941.90,4,4,5,445,13,Champions
16771,33,10,3949.60,4,5,5,455,14,Champions
17667,66,9,3950.70,3,5,5,355,13,Loyal
13982,39,9,3954.29,4,5,5,455,14,Champions
16791,29,15,3957.63,4,5,5,455,14,Champions
13542,376,17,3959.49,2,5,5,255,12,Loyal
14817,200,7,3959.86,2,4,5,245,11,Loyal
15572,4,10,3965.20,5,5,5,555,15,Champions
14047,8,14,3968.11,5,5,5,555,15,Champions
16218,29,13,3968.67,4,5,5,455,14,Champions
14547,3,8,3974.75,5,5,5,555,15,Champions
15665,168,5,3987.07,3,4,5,345,12,Loyal
16241,9,16,3992.86,5,5,5,555,15,Champions
16455,63,11,3995.57,3,5,5,355,13,Loyal
17307,395,11,3999.89,2,5,5,255,12,Loyal
17618,5,11,4001.64,5,5,5,555,15,Champions
16150,42,10,4002.17,4,5,5,455,14,Champions
16841,36,12,4006.06,4,5,5,455,14,Champions
13895,28,6,4008.52,4,4,5,445,13,Champions
16098,87,14,4010.70,3,5,5,355,13,Loyal
12721,31,8,4013.08,4,4,5,445,13,Champions
15782,9,4,4014.10,5,4,5,545,14,Champions
12726,28,11,4014.60,4,5,5,455,14,Champions
14824,10,10,4022.91,5,5,5,555,15,Champions
15680,9,10,4028.69,5,5,5,555,15,Champions
12840,143,7,4041.97,3,4,5,345,12,Loyal
13048,14,9,4049.13,5,5,5,555,15,Champions
17083,109,9,4049.79,3,5,5,355,13,Loyal
14025,464,8,4057.90,1,4,5,145,10,Loyal
13421,40,8,4058.75,4,4,5,445,13,Champions
17682,10,11,4065.28,5,5,5,555,15,Champions
12371,44,5,4067.38,4,4,5,445,13,Champions
14913,35,8,4073.13,4,4,5,445,13,Champions
14878,12,25,4076.50,5,5,5,555,15,Champions
18077,8,18,4078.79,5,5,5,555,15,Champions
12876,57,4,4081.79,4,4,5,445,13,Champions
15050,25,5,4087.19,4,4,5,445,13,Champions
14566,110,4,4092.00,3,3,5,335,11,Other
16477,63,11,4094.37,3,5,5,355,13,Loyal
14408,10,11,4102.27,5,5,5,555,15,Champions
13450,26,13,4120.04,4,5,5,455,14,Champions
15493,32,9,4121.68,4,5,5,455,14,Champions
12569,2,32,4124.69,5,5,5,555,15,Champions
15002,115,9,4138.08,3,5,5,355,13,Loyal
16209,88,9,4146.78,3,5,5,355,13,Loyal
16749,591,2,4157.88,1,2,5,125,8,"At Risk"
13461,38,6,4160.00,4,4,5,445,13,Champions
12653,148,3,4160.83,3,3,5,335,11,Other
14740,197,11,4161.06,2,5,5,255,12,Loyal
18194,82,6,4162.04,3,4,5,345,12,Loyal
17673,1,13,4173.88,5,5,5,555,15,Champions
16072,288,4,4180.09,2,3,5,235,10,"At Risk"
18287,42,7,4182.99,4,4,5,445,13,Champions
17738,19,13,4183.56,4,5,5,455,14,Champions
14868,3,12,4184.01,5,5,5,555,15,Champions
17406,333,13,4186.95,2,5,5,255,12,Loyal
15518,64,15,4189.99,3,5,5,355,13,Loyal
18079,45,5,4203.93,4,4,5,445,13,Champions
15804,0,13,4206.39,5,5,5,555,15,Champions
16743,29,14,4212.15,4,5,5,455,14,Champions
17412,2,16,4220.22,5,5,5,555,15,Champions
14001,45,9,4228.85,4,5,5,455,14,Champions
16712,9,13,4232.87,5,5,5,555,15,Champions
16875,67,11,4234.53,3,5,5,355,13,Loyal
13911,57,20,4234.99,4,5,5,455,14,Champions
17728,3,5,4238.76,5,4,5,545,14,Champions
12935,2,15,4243.86,5,5,5,555,15,Champions
16571,26,10,4248.74,4,5,5,455,14,Champions
12360,52,8,4252.89,4,4,5,445,13,Champions
14239,43,21,4263.17,4,5,5,455,14,Champions
14466,29,13,4267.15,4,5,5,455,14,Champions
17930,35,13,4275.22,4,5,5,455,14,Champions
16081,56,8,4278.96,4,4,5,445,13,Champions
16293,21,15,4279.20,4,5,5,455,14,Champions
14307,88,10,4287.92,3,5,5,355,13,Loyal
18230,9,9,4291.06,5,5,5,555,15,Champions
16125,367,14,4292.35,2,5,5,255,12,Loyal
16858,368,10,4292.59,2,5,5,255,12,Loyal
13880,21,17,4293.86,4,5,5,455,14,Champions
17937,8,7,4301.22,5,4,5,545,14,Champions
14854,78,11,4303.06,3,5,5,355,13,Loyal
12928,35,12,4304.89,4,5,5,455,14,Champions
14482,18,12,4306.72,5,5,5,555,15,Champions
17191,28,15,4310.34,4,5,5,455,14,Champions
12370,51,7,4316.56,4,4,5,445,13,Champions
14334,16,12,4318.48,5,5,5,555,15,Champions
15633,509,13,4335.96,1,5,5,155,11,Loyal
12408,32,8,4340.77,4,4,5,445,13,Champions
17372,40,28,4347.31,4,5,5,455,14,Champions
16283,5,8,4350.32,5,5,5,555,15,Champions
12523,19,23,4352.35,4,5,5,455,14,Champions
12917,128,6,4359.20,3,4,5,345,12,Loyal
12752,81,1,4366.78,3,2,5,325,10,Other
13297,7,7,4368.62,5,4,5,545,14,Champions
15861,12,12,4369.20,5,5,5,555,15,Champions
16118,652,1,4376.25,1,1,5,115,7,"At Risk"
14514,61,9,4380.04,3,5,5,355,13,Loyal
18272,2,9,4385.98,5,5,5,555,15,Champions
16732,31,4,4387.64,4,4,5,445,13,Champions
13505,72,4,4393.63,3,3,5,335,11,Other
15203,25,15,4400.18,4,5,5,455,14,Champions
14211,53,18,4402.29,4,5,5,455,14,Champions
16563,53,6,4412.56,4,4,5,445,13,Champions
16626,0,17,4413.10,5,5,5,555,15,Champions
17138,275,7,4417.27,2,4,5,245,11,Loyal
15845,17,11,4426.28,5,5,5,555,15,Champions
12349,18,4,4428.69,5,4,5,545,14,Champions
13435,5,9,4447.33,5,5,5,555,15,Champions
17754,0,13,4451.22,5,5,5,555,15,Champions
14341,45,18,4452.02,4,5,5,455,14,Champions
18093,93,8,4452.71,3,4,5,345,12,Loyal
17220,24,21,4457.31,4,5,5,455,14,Champions
15240,44,12,4459.98,4,5,5,455,14,Champions
16912,28,15,4460.51,4,5,5,455,14,Champions
18069,26,11,4464.92,4,5,5,455,14,Champions
14648,416,15,4466.65,1,5,5,155,11,Loyal
13491,51,27,4467.66,4,5,5,455,14,Champions
12627,10,7,4478.53,5,4,5,545,14,Champions
12916,138,7,4479.73,3,4,5,345,12,Loyal
18064,133,11,4481.83,3,5,5,355,13,Loyal
14701,10,15,4487.11,5,5,5,555,15,Champions
15122,114,11,4487.27,3,5,5,355,13,Loyal
17596,23,13,4491.46,4,5,5,455,14,Champions
14625,196,11,4497.88,2,5,5,255,12,Loyal
15764,88,8,4503.08,3,4,5,345,12,Loyal
17308,393,2,4511.76,2,2,5,225,9,"At Risk"
14290,11,8,4516.56,5,5,5,555,15,Champions
15271,7,24,4528.54,5,5,5,555,15,Champions
16255,16,15,4530.00,5,5,5,555,15,Champions
12598,9,11,4534.09,5,5,5,555,15,Champions
13523,33,6,4534.57,4,4,5,445,13,Champions
14685,576,8,4536.64,1,4,5,145,10,Loyal
13571,12,26,4537.26,5,5,5,555,15,Champions
13527,33,12,4541.29,4,5,5,455,14,Champions
17613,22,14,4544.55,4,5,5,455,14,Champions
14032,2,16,4546.41,5,5,5,555,15,Champions
16143,3,12,4555.08,5,5,5,555,15,Champions
15365,25,13,4557.13,4,5,5,455,14,Champions
13510,1,11,4558.29,5,5,5,555,15,Champions
15416,64,7,4572.82,3,4,5,345,12,Loyal
17508,280,8,4579.23,2,4,5,245,11,Loyal
17188,11,13,4592.93,5,5,5,555,15,Champions
18257,39,12,4600.15,4,5,5,455,14,Champions
13851,95,8,4606.46,3,4,5,345,12,Loyal
12553,8,12,4608.75,5,5,5,555,15,Champions
15245,134,8,4610.84,3,4,5,345,12,Loyal
14441,0,11,4611.69,5,5,5,555,15,Champions
12782,4,11,4618.24,5,5,5,555,15,Champions
17442,36,15,4620.30,4,5,5,455,14,Champions
17400,126,8,4623.28,3,4,5,345,12,Loyal
18097,7,11,4627.92,5,5,5,555,15,Champions
17402,4,23,4635.56,5,5,5,555,15,Champions
13124,89,4,4641.66,3,3,5,335,11,Other
12578,21,4,4642.45,4,4,5,445,13,Champions
17050,96,11,4648.59,3,5,5,355,13,Loyal
15484,1,6,4652.10,5,4,5,545,14,Champions
15123,7,5,4656.17,5,4,5,545,14,Champions
13971,18,14,4667.57,5,5,5,555,15,Champions
16904,4,21,4675.36,5,5,5,555,15,Champions
15410,84,10,4685.72,3,5,5,355,13,Loyal
12589,28,8,4695.66,4,4,5,445,13,Champions
16905,5,17,4706.77,5,5,5,555,15,Champions
13958,379,8,4709.23,2,4,5,245,11,Loyal
14235,75,9,4717.99,3,5,5,355,13,Loyal
12395,19,15,4721.17,4,5,5,455,14,Champions
16326,5,24,4721.25,5,5,5,555,15,Champions
17082,33,6,4732.03,4,4,5,445,13,Champions
14825,3,24,4735.08,5,5,5,555,15,Champions
17829,298,5,4756.74,2,4,5,245,11,Loyal
12955,1,11,4757.16,5,5,5,555,15,Champions
13988,19,8,4757.80,4,4,5,445,13,Champions
17519,17,15,4774.17,5,5,5,555,15,Champions
15187,1,16,4777.18,5,5,5,555,15,Champions
15529,22,12,4783.66,4,5,5,455,14,Champions
13329,31,8,4808.77,4,4,5,445,13,Champions
15485,30,7,4810.92,4,4,5,445,13,Champions
13875,53,14,4814.37,4,5,5,455,14,Champions
14191,1,15,4817.66,5,5,5,555,15,Champions
12449,22,6,4835.89,4,4,5,445,13,Champions
17567,7,9,4838.08,5,5,5,555,15,Champions
13562,81,8,4838.18,3,4,5,345,12,Loyal
13044,291,11,4848.05,2,5,5,255,12,Loyal
13495,7,10,4863.31,5,5,5,555,15,Champions
17059,29,9,4864.57,4,5,5,455,14,Champions
14081,302,10,4867.57,2,5,5,255,12,Loyal
17652,25,12,4867.72,4,5,5,455,14,Champions
17449,2,13,4868.15,5,5,5,555,15,Champions
17213,40,13,4869.40,4,5,5,455,14,Champions
12688,113,1,4873.81,3,2,5,325,10,Other
14107,51,11,4877.30,4,5,5,455,14,Champions
15379,169,8,4877.84,3,4,5,345,12,Loyal
16686,47,16,4881.07,4,5,5,455,14,Champions
13659,205,12,4884.68,2,5,5,255,12,Loyal
13021,4,17,4887.24,5,5,5,555,15,Champions
16986,29,11,4888.75,4,5,5,455,14,Champions
15332,366,6,4892.68,2,4,5,245,11,Loyal
18144,7,19,4892.95,5,5,5,555,15,Champions
17314,24,17,4904.43,4,5,5,455,14,Champions
16919,156,24,4909.66,3,5,5,355,13,Loyal
14970,68,12,4919.35,3,5,5,355,13,Loyal
12347,2,8,4921.53,5,5,5,555,15,Champions
12700,7,4,4939.99,5,4,5,545,14,Champions
17802,82,10,4946.22,3,5,5,355,13,Loyal
17758,19,12,4964.03,4,5,5,455,14,Champions
12562,8,9,4966.92,5,5,5,555,15,Champions
12600,28,21,4967.42,4,5,5,455,14,Champions
13198,10,8,4974.23,5,5,5,555,15,Champions
14639,52,9,4978.96,4,5,5,455,14,Champions
14209,10,15,4993.27,5,5,5,555,15,Champions
15898,1,25,4996.45,5,5,5,555,15,Champions
17346,3,26,4998.61,5,5,5,555,15,Champions
17084,35,3,5001.21,4,3,5,435,12,Other
12444,21,5,5005.46,4,4,5,445,13,Champions
12759,52,8,5020.74,4,4,5,445,13,Champions
16931,5,23,5032.22,5,5,5,555,15,Champions
13634,33,16,5033.77,4,5,5,455,14,Champions
17469,16,17,5051.25,5,5,5,555,15,Champions
12432,42,5,5059.32,4,4,5,445,13,Champions
15367,57,11,5081.33,4,5,5,455,14,Champions
14493,7,10,5087.86,5,5,5,555,15,Champions
17861,3,18,5088.29,5,5,5,555,15,Champions
12594,37,15,5090.11,4,5,5,455,14,Champions
12483,17,19,5097.18,5,5,5,555,15,Champions
15443,1,14,5114.23,5,5,5,555,15,Champions
14713,9,21,5115.76,5,5,5,555,15,Champions
12708,29,18,5117.66,4,5,5,455,14,Champions
16308,37,7,5120.00,4,4,5,445,13,Champions
16153,49,11,5133.49,4,5,5,455,14,Champions
17157,7,19,5151.90,5,5,5,555,15,Champions
12625,211,4,5164.88,2,3,5,235,10,"At Risk"
15796,1,17,5171.63,5,5,5,555,15,Champions
17663,25,17,5175.83,4,5,5,455,14,Champions
12510,142,9,5178.02,3,5,5,355,13,Loyal
14546,5,11,5184.84,5,5,5,555,15,Champions
15812,107,12,5201.47,3,5,5,355,13,Loyal
13763,63,3,5217.44,3,3,5,335,11,Other
15606,61,17,5230.99,3,5,5,355,13,Loyal
12422,95,17,5231.80,3,5,5,355,13,Loyal
17061,73,11,5232.23,3,5,5,355,13,Loyal
15722,35,11,5234.00,4,5,5,455,14,Champions
12755,280,11,5236.26,2,5,5,255,12,Loyal
14930,108,6,5236.73,3,4,5,345,12,Loyal
13107,44,9,5253.07,4,5,5,455,14,Champions
13975,31,12,5256.40,4,5,5,455,14,Champions
13931,95,11,5257.38,3,5,5,355,13,Loyal
15152,9,14,5263.83,5,5,5,555,15,Champions
15394,9,11,5286.80,5,5,5,555,15,Champions
16393,2,23,5297.77,5,5,5,555,15,Champions
16546,290,5,5307.07,2,4,5,245,11,Loyal
17584,7,6,5309.42,5,4,5,545,14,Champions
13842,58,18,5319.34,4,5,5,455,14,Champions
15628,4,17,5333.08,5,5,5,555,15,Champions
16008,23,15,5339.13,4,5,5,455,14,Champions
15641,105,12,5345.55,3,5,5,355,13,Loyal
12362,3,11,5356.23,5,5,5,555,15,Champions
17863,59,12,5360.48,3,5,5,355,13,Loyal
14442,204,7,5367.02,2,4,5,245,11,Loyal
14459,155,2,5375.74,3,2,5,325,10,Other
13014,10,11,5381.08,5,5,5,555,15,Champions
13362,9,7,5394.07,5,4,5,545,14,Champions
17612,53,18,5394.86,4,5,5,455,14,Champions
17719,37,15,5396.04,4,5,5,455,14,Champions
14249,410,12,5400.46,1,5,5,155,11,Loyal
14626,23,11,5410.92,4,5,5,455,14,Champions
12378,129,2,5416.32,3,2,5,325,10,Other
18198,4,17,5425.56,5,5,5,555,15,Champions
17685,16,12,5454.95,5,5,5,555,15,Champions
12480,28,7,5464.85,4,4,5,445,13,Champions
17512,28,18,5467.82,4,5,5,455,14,Champions
16992,10,13,5476.50,5,5,5,555,15,Champions
13769,2,20,5478.12,5,5,5,555,15,Champions
13593,108,14,5493.29,3,5,5,355,13,Loyal
16609,15,7,5493.46,5,4,5,545,14,Champions
13115,11,10,5494.70,5,5,5,555,15,Champions
14189,2,16,5503.15,5,5,5,555,15,Champions
17204,175,9,5504.69,3,5,5,355,13,Loyal
17092,50,11,5511.41,4,5,5,455,14,Champions
14732,8,19,5517.07,5,5,5,555,15,Champions
17069,28,14,5517.23,4,5,5,455,14,Champions
14572,3,11,5526.88,5,5,5,555,15,Champions
14907,3,16,5547.72,5,5,5,555,15,Champions
15527,18,23,5554.89,5,5,5,555,15,Champions
14210,105,16,5556.57,3,5,5,355,13,Loyal
17203,35,10,5564.09,4,5,5,455,14,Champions
15854,4,21,5578.28,5,5,5,555,15,Champions
15228,66,6,5580.27,3,4,5,345,12,Loyal
16011,8,29,5601.01,5,5,5,555,15,Champions
17838,26,13,5604.64,4,5,5,455,14,Champions
16200,4,12,5608.10,5,5,5,555,15,Champions
18145,12,11,5609.74,5,5,5,555,15,Champions
16003,29,10,5613.83,4,5,5,455,14,Champions
16320,172,6,5628.99,3,4,5,345,12,Loyal
13722,131,10,5635.41,3,5,5,355,13,Loyal
16409,36,12,5652.74,4,5,5,455,14,Champions
17491,1,17,5653.67,5,5,5,555,15,Champions
13901,72,15,5676.34,3,5,5,355,13,Loyal
12633,58,7,5678.16,3,4,5,345,12,Loyal
12727,10,10,5679.53,5,5,5,555,15,Champions
13157,49,9,5687.36,4,5,5,455,14,Champions
16458,2,30,5690.89,5,5,5,555,15,Champions
16279,21,9,5698.28,4,5,5,455,14,Champions
17651,11,16,5703.52,5,5,5,555,15,Champions
16607,17,25,5706.87,5,5,5,555,15,Champions
13870,2,15,5712.08,5,5,5,555,15,Champions
13771,64,9,5728.82,3,5,5,355,13,Loyal
12615,2,8,5740.98,5,5,5,555,15,Champions
16316,64,13,5744.91,3,5,5,355,13,Loyal
14099,16,20,5750.91,5,5,5,555,15,Champions
17672,50,7,5778.63,4,4,5,445,13,Champions
18075,23,20,5783.29,4,5,5,455,14,Champions
12910,23,13,5796.52,4,5,5,455,14,Champions
14112,22,13,5834.59,4,5,5,455,14,Champions
17146,105,13,5852.64,3,5,5,355,13,Loyal
18065,5,29,5866.63,5,5,5,555,15,Champions
12455,73,10,5879.95,3,5,5,355,13,Loyal
15971,17,18,5902.83,5,5,5,555,15,Champions
16710,19,22,5921.35,5,5,5,555,15,Champions
14257,64,9,5954.45,3,5,5,355,13,Loyal
12500,23,19,5955.21,4,5,5,455,14,Champions
14918,115,9,5955.81,3,5,5,355,13,Loyal
15785,32,16,5969.93,4,5,5,455,14,Champions
14535,60,9,5973.23,3,5,5,355,13,Loyal
17625,18,8,5978.90,5,5,5,555,15,Champions
14440,8,13,5982.03,5,5,5,555,15,Champions
17457,126,14,5984.81,3,5,5,355,13,Loyal
14105,239,5,5988.83,2,4,5,245,11,Loyal
15755,10,17,5993.12,5,5,5,555,15,Champions
12835,427,41,5996.83,1,5,5,155,11,Loyal
16456,99,13,6000.94,3,5,5,355,13,Loyal
15202,420,3,6001.49,1,3,5,135,9,"At Risk"
15372,137,8,6017.06,3,4,5,345,12,Loyal
17819,71,12,6021.05,3,5,5,355,13,Loyal
13658,9,9,6025.50,5,5,5,555,15,Champions
17644,1,20,6028.60,5,5,5,555,15,Champions
12664,8,11,6070.04,5,5,5,555,15,Champions
16954,0,20,6081.88,5,5,5,555,15,Champions
17509,57,8,6083.64,4,4,5,445,13,Champions
18061,21,28,6083.81,4,5,5,455,14,Champions
14530,25,16,6088.87,4,5,5,455,14,Champions
18178,128,11,6103.74,3,5,5,355,13,Loyal
14560,7,44,6114.03,5,5,5,555,15,Champions
13935,596,3,6116.92,1,3,5,135,9,"At Risk"
14180,10,33,6117.50,5,5,5,555,15,Champions
13230,4,30,6120.01,5,5,5,555,15,Champions
17419,11,18,6126.25,5,5,5,555,15,Champions
14852,58,18,6132.43,4,5,5,455,14,Champions
13266,11,19,6135.04,5,5,5,555,15,Champions
17669,42,10,6142.35,4,5,5,455,14,Champions
14390,10,13,6150.03,5,5,5,555,15,Champions
15299,67,10,6156.53,3,5,5,355,13,Loyal
14534,2,26,6187.66,5,5,5,555,15,Champions
16156,8,20,6188.18,5,5,5,555,15,Champions
16103,7,22,6191.71,5,5,5,555,15,Champions
13334,82,5,6201.80,3,4,5,345,12,Loyal
15673,88,9,6204.32,3,5,5,355,13,Loyal
12429,9,8,6204.41,5,5,5,555,15,Champions
16735,78,14,6217.41,3,5,5,355,13,Loyal
18118,10,29,6221.02,5,5,5,555,15,Champions
17799,22,20,6246.93,4,5,5,455,14,Champions
12497,81,3,6248.50,3,3,5,335,11,Other
15369,492,11,6251.26,1,5,5,155,11,Loyal
14004,43,11,6258.45,4,5,5,455,14,Champions
17873,80,18,6265.33,3,5,5,355,13,Loyal
13615,318,8,6272.53,2,4,5,245,11,Loyal
13136,56,13,6274.56,4,5,5,455,14,Champions
15480,116,5,6279.00,3,4,5,345,12,Loyal
12913,4,13,6283.24,5,5,5,555,15,Champions
13654,43,11,6308.00,4,5,5,455,14,Champions
18245,7,20,6324.98,5,5,5,555,15,Champions
13590,11,18,6336.04,5,5,5,555,15,Champions
12484,32,12,6354.10,4,5,5,455,14,Champions
14227,26,15,6368.71,4,5,5,455,14,Champions
14702,1,29,6368.78,5,5,5,555,15,Champions
12356,22,6,6371.73,4,4,5,445,13,Champions
14766,8,11,6375.73,5,5,5,555,15,Champions
14388,10,16,6388.20,5,5,5,555,15,Champions
12406,22,5,6390.36,4,4,5,445,13,Champions
18094,81,13,6391.52,3,5,5,355,13,Loyal
15514,12,18,6392.06,5,5,5,555,15,Champions
12656,17,8,6407.83,5,5,5,555,15,Champions
16655,17,13,6423.26,5,5,5,555,15,Champions
16940,52,8,6427.66,4,4,5,445,13,Champions
15750,2,18,6452.99,5,5,5,555,15,Champions
14154,239,8,6460.70,2,4,5,245,11,Loyal
12779,37,14,6474.11,4,5,5,455,14,Champions
13317,66,19,6486.09,3,5,5,355,13,Loyal
12823,74,18,6501.50,3,5,5,355,13,Loyal
14221,42,17,6517.49,4,5,5,455,14,Champions
14855,119,7,6520.30,3,4,5,345,12,Loyal
15980,88,7,6543.68,3,4,5,345,12,Loyal
12836,59,15,6559.73,3,5,5,355,13,Loyal
13883,10,15,6560.02,5,5,5,555,15,Champions
13015,53,11,6579.78,4,5,5,455,14,Champions
12843,65,30,6583.36,3,5,5,355,13,Loyal
13831,16,18,6585.54,5,5,5,555,15,Champions
13520,58,11,6606.00,4,5,5,455,14,Champions
12626,23,9,6620.48,4,5,5,455,14,Champions
13394,1,19,6621.70,5,5,5,555,15,Champions
14562,3,26,6638.15,5,5,5,555,15,Champions
13953,7,12,6640.68,5,5,5,555,15,Champions
17001,0,19,6640.80,5,5,5,555,15,Champions
16717,23,14,6663.68,4,5,5,455,14,Champions
14461,148,13,6676.91,3,5,5,355,13,Loyal
17700,16,14,6679.97,5,5,5,555,15,Champions
13384,30,11,6680.83,4,5,5,455,14,Champions
16497,49,23,6695.28,4,5,5,455,14,Champions
13734,508,4,6695.69,1,3,5,135,9,"At Risk"
17975,15,24,6696.33,5,5,5,555,15,Champions
14844,63,10,6702.43,3,5,5,355,13,Loyal
15321,70,12,6709.73,3,5,5,355,13,Loyal
12712,28,21,6723.03,4,5,5,455,14,Champions
12662,0,20,6726.54,5,5,5,555,15,Champions
13983,29,21,6753.89,4,5,5,455,14,Champions
13993,42,19,6775.71,4,5,5,455,14,Champions
14401,4,22,6795.90,5,5,5,555,15,Champions
12417,3,20,6797.41,5,5,5,555,15,Champions
15413,691,5,6798.72,1,4,5,145,10,Loyal
16145,8,19,6805.44,5,5,5,555,15,Champions
12830,37,6,6814.64,4,4,5,445,13,Champions
12613,57,10,6817.37,4,5,5,455,14,Champions
16401,1,23,6849.15,5,5,5,555,15,Champions
18231,192,28,6854.17,2,5,5,255,12,Loyal
15129,50,23,6860.18,4,5,5,455,14,Champions
16170,50,20,6869.00,4,5,5,455,14,Champions
12749,3,9,6897.36,5,5,5,555,15,Champions
15301,50,17,6909.67,4,5,5,455,14,Champions
16187,31,15,6911.44,4,5,5,455,14,Champions
16265,9,12,6935.17,5,5,5,555,15,Champions
15674,73,13,6948.23,3,5,5,355,13,Loyal
13552,66,22,6948.92,3,5,5,355,13,Loyal
12841,4,40,6958.20,5,5,5,555,15,Champions
17690,30,20,6963.80,4,5,5,455,14,Champions
16938,8,9,6995.36,5,5,5,555,15,Champions
17965,37,29,7006.65,4,5,5,455,14,Champions
13183,7,15,7036.18,5,5,5,555,15,Champions
17769,12,17,7053.38,5,5,5,555,15,Champions
17231,12,25,7064.80,5,5,5,555,15,Champions
13451,26,11,7090.06,4,5,5,455,14,Champions
14113,3,16,7092.61,5,5,5,555,15,Champions
15521,40,16,7098.24,4,5,5,455,14,Champions
15950,31,10,7120.91,4,5,5,455,14,Champions
14841,53,14,7163.00,4,5,5,455,14,Champions
16745,86,17,7180.70,3,5,5,355,13,Loyal
14688,7,28,7190.42,5,5,5,555,15,Champions
14800,47,17,7191.33,4,5,5,455,14,Champions
16729,38,21,7205.33,4,5,5,455,14,Champions
14243,8,17,7217.75,5,5,5,555,15,Champions
14092,7,24,7229.45,5,5,5,555,15,Champions
14282,3,25,7250.76,5,5,5,555,15,Champions
16253,66,7,7272.20,3,4,5,345,12,Loyal
17238,2,32,7331.67,5,5,5,555,15,Champions
13082,126,21,7335.75,3,5,5,355,13,Loyal
17602,2,14,7354.43,5,5,5,555,15,Champions
16242,8,14,7404.65,5,5,5,555,15,Champions
16570,15,20,7434.31,5,5,5,555,15,Champions
13815,22,8,7475.74,4,4,5,445,13,Champions
15581,120,38,7480.40,3,5,5,355,13,Loyal
15179,18,13,7491.92,5,5,5,555,15,Champions
17091,2,19,7495.75,5,5,5,555,15,Champions
14030,18,20,7521.80,5,5,5,555,15,Champions
13709,3,18,7571.35,5,5,5,555,15,Champions
13137,10,16,7586.94,5,5,5,555,15,Champions
13373,60,6,7587.19,3,4,5,345,12,Loyal
14145,46,7,7600.05,4,4,5,445,13,Champions
15046,9,25,7623.79,5,5,5,555,15,Champions
13141,84,17,7656.08,3,5,5,355,13,Loyal
14175,59,8,7678.88,3,4,5,345,12,Loyal
17696,38,27,7679.59,4,5,5,455,14,Champions
13534,2,35,7720.90,5,5,5,555,15,Champions
17739,11,18,7730.59,5,5,5,555,15,Champions
17730,3,20,7773.80,5,5,5,555,15,Champions
12720,2,30,7787.28,5,5,5,555,15,Champions
17409,184,10,7793.51,3,5,5,355,13,Loyal
14395,2,20,7801.93,5,5,5,555,15,Champions
15544,9,20,7807.89,5,5,5,555,15,Champions
16592,4,28,7807.91,5,5,5,555,15,Champions
12867,26,13,7829.26,4,5,5,455,14,Champions
12757,15,13,7834.65,5,5,5,555,15,Champions
17085,123,28,7847.67,3,5,5,355,13,Loyal
15622,43,17,7852.61,4,5,5,455,14,Champions
14159,19,20,7860.80,4,5,5,455,14,Champions
13871,22,17,7885.85,4,5,5,455,14,Champions
14291,1,23,7904.10,5,5,5,555,15,Champions
16303,25,7,7928.27,4,4,5,445,13,Champions
12428,25,9,7956.46,4,5,5,455,14,Champions
13174,16,12,7995.36,5,5,5,555,15,Champions
13869,123,10,7996.87,3,5,5,355,13,Loyal
16556,66,17,8012.58,3,5,5,355,13,Loyal
18041,11,38,8018.77,5,5,5,555,15,Champions
14525,19,17,8026.54,4,5,5,455,14,Champions
16670,16,20,8030.15,5,5,5,555,15,Champions
16767,30,15,8056.76,4,5,5,455,14,Champions
17426,8,13,8077.77,5,5,5,555,15,Champions
15955,24,22,8085.98,4,5,5,455,14,Champions
17593,3,11,8092.32,5,5,5,555,15,Champions
16672,2,20,8134.94,5,5,5,555,15,Champions
14056,1,23,8152.71,5,5,5,555,15,Champions
13715,281,17,8153.04,2,5,5,255,12,Loyal
13426,0,22,8167.38,5,5,5,555,15,Champions
17365,12,15,8184.49,5,5,5,555,15,Champions
16722,17,22,8189.56,5,5,5,555,15,Champions
13139,16,8,8202.98,5,5,5,555,15,Champions
13381,31,12,8224.37,4,5,5,455,14,Champions
15034,15,14,8231.20,5,5,5,555,15,Champions
15998,36,16,8274.14,4,5,5,455,14,Champions
12637,67,12,8283.81,3,5,5,355,13,Loyal
17686,7,9,8296.81,5,5,5,555,15,Champions
12643,128,12,8304.82,3,5,5,355,13,Loyal
13206,400,13,8308.19,2,5,5,255,12,Loyal
17611,7,28,8337.53,5,5,5,555,15,Champions
14057,23,22,8346.66,4,5,5,455,14,Champions
14676,31,12,8356.79,4,5,5,455,14,Champions
15984,2,30,8393.02,5,5,5,555,15,Champions
17396,39,14,8409.60,4,5,5,455,14,Champions
14160,610,7,8421.47,1,4,5,145,10,Loyal
13047,31,24,8428.53,4,5,5,455,14,Champions
18139,17,6,8438.34,5,4,5,545,14,Champions
14286,23,7,8479.76,4,4,5,445,13,Champions
13148,29,26,8497.82,4,5,5,455,14,Champions
15786,46,5,8501.62,4,4,5,445,13,Champions
13209,30,13,8509.51,4,5,5,455,14,Champions
12798,10,4,8510.93,5,4,5,545,14,Champions
15270,15,21,8524.86,5,5,5,555,15,Champions
13269,1,28,8537.32,5,5,5,555,15,Champions
15281,58,16,8543.57,4,5,5,455,14,Champions
16945,21,33,8548.16,4,5,5,455,14,Champions
13756,2,23,8655.95,5,5,5,555,15,Champions
15497,17,9,8657.39,5,5,5,555,15,Champions
13263,1,39,8676.20,5,5,5,555,15,Champions
13758,11,15,8698.13,5,5,5,555,15,Champions
12957,9,13,8706.97,5,5,5,555,15,Champions
17576,8,41,8711.95,5,5,5,555,15,Champions
16186,22,26,8718.43,4,5,5,455,14,Champions
15570,7,25,8736.49,5,5,5,555,15,Champions
13448,16,13,8745.93,5,5,5,555,15,Champions
16532,17,5,8756.64,5,4,5,545,14,Champions
15260,100,25,8767.73,3,5,5,355,13,Loyal
16550,108,18,8813.58,3,5,5,355,13,Loyal
16700,8,25,8830.77,5,5,5,555,15,Champions
14135,1,24,8839.67,5,5,5,555,15,Champions
12359,57,10,8873.39,4,5,5,455,14,Champions
14709,15,25,8886.33,5,5,5,555,15,Champions
13555,73,13,8891.84,3,5,5,355,13,Loyal
14060,4,30,8898.24,5,5,5,555,15,Champions
12747,2,26,8898.48,5,5,5,555,15,Champions
12766,3,9,8918.99,5,5,5,555,15,Champions
15867,5,31,8923.30,5,5,5,555,15,Champions
15903,9,12,8939.84,5,5,5,555,15,Champions
15150,17,13,8977.94,5,5,5,555,15,Champions
17068,12,47,8987.68,5,5,5,555,15,Champions
16709,84,14,9056.01,3,5,5,355,13,Loyal
15939,89,16,9060.39,3,5,5,355,13,Loyal
15298,2,23,9061.77,5,5,5,555,15,Champions
17757,1,56,9074.05,5,5,5,555,15,Champions
13327,38,20,9134.48,4,5,5,455,14,Champions
14292,7,16,9226.25,5,5,5,555,15,Champions
14367,8,16,9227.82,5,5,5,555,15,Champions
15249,31,18,9266.00,4,5,5,455,14,Champions
13162,122,16,9275.49,3,5,5,355,13,Loyal
13069,0,38,9284.45,5,5,5,555,15,Champions
15981,24,21,9362.77,4,5,5,455,14,Champions
15727,16,15,9371.71,5,5,5,555,15,Champions
17230,264,18,9388.49,2,5,5,255,12,Loyal
13267,2,36,9429.81,5,5,5,555,15,Champions
14439,319,5,9443.04,2,4,5,245,11,Loyal
14146,8,12,9450.30,5,5,5,555,15,Champions
17504,206,18,9490.17,2,5,5,255,12,Loyal
13999,10,29,9502.26,5,5,5,555,15,Champions
17811,4,47,9519.80,5,5,5,555,15,Champions
14091,654,2,9530.08,1,2,5,125,8,"At Risk"
18109,1,38,9555.71,5,5,5,555,15,Champions
17315,1,43,9599.58,5,5,5,555,15,Champions
16782,10,38,9636.12,5,5,5,555,15,Champions
12839,2,26,9669.12,5,5,5,555,15,Champions
12380,21,11,9676.30,4,5,5,455,14,Champions
14085,2,33,9720.67,5,5,5,555,15,Champions
13735,24,13,9762.77,4,5,5,455,14,Champions
13018,16,35,9763.16,5,5,5,555,15,Champions
17306,10,21,9782.35,5,5,5,555,15,Champions
14944,29,19,9784.67,4,5,5,455,14,Champions
16353,3,38,9795.46,5,5,5,555,15,Champions
13599,1,33,9811.04,5,5,5,555,15,Champions
12490,5,21,9823.64,5,5,5,555,15,Champions
14828,196,13,9839.46,2,5,5,255,12,Loyal
12590,211,2,9864.26,2,2,5,225,9,"At Risk"
14329,17,15,9887.62,5,5,5,555,15,Champions
12758,116,7,9903.24,3,4,5,345,12,Loyal
16701,8,26,9916.73,5,5,5,555,15,Champions
17049,2,19,9942.53,5,5,5,555,15,Champions
18260,172,23,9947.26,3,5,5,355,13,Loyal
16131,51,12,9957.42,4,5,5,455,14,Champions
14101,73,13,9961.93,3,5,5,355,13,Loyal
16182,72,9,9971.65,3,5,5,355,13,Loyal
14755,9,25,9972.55,5,5,5,555,15,Champions
15694,0,24,9978.48,5,5,5,555,15,Champions
13985,4,22,10020.86,5,5,5,555,15,Champions
13941,21,15,10027.18,4,5,5,455,14,Champions
15547,7,26,10057.05,5,5,5,555,15,Champions
17809,16,20,10085.89,5,5,5,555,15,Champions
18055,7,14,10142.64,5,5,5,555,15,Champions
15805,23,30,10148.93,4,5,5,455,14,Champions
18229,11,28,10150.51,5,5,5,555,15,Champions
16327,14,16,10159.64,5,5,5,555,15,Champions
14796,1,27,10169.33,5,5,5,555,15,Champions
15719,32,31,10195.97,4,5,5,455,14,Champions
17160,31,17,10209.16,4,5,5,455,14,Champions
14422,0,19,10271.52,5,5,5,555,15,Champions
15296,50,12,10323.03,4,5,5,455,14,Champions
16984,88,9,10350.53,3,5,5,355,13,Loyal
16168,10,66,10360.67,5,5,5,555,15,Champions
14028,550,3,10396.50,1,3,5,135,9,"At Risk"
12431,35,27,10432.22,4,5,5,455,14,Champions
15290,4,26,10496.28,5,5,5,555,15,Champions
13324,36,18,10513.47,4,5,5,455,14,Champions
16033,5,27,10608.81,5,5,5,555,15,Champions
18052,564,1,10877.18,1,1,5,115,7,"At Risk"
16985,17,23,10923.16,5,5,5,555,15,Champions
12918,626,1,10953.50,1,1,5,115,7,"At Risk"
14045,109,16,10986.63,3,5,5,355,13,Loyal
15032,256,8,11010.05,2,4,5,245,11,Loyal
13013,1,29,11097.43,5,5,5,555,15,Champions
14134,382,15,11123.35,2,5,5,255,12,Loyal
12524,9,17,11126.11,5,5,5,555,15,Champions
13576,10,28,11202.59,5,5,5,555,15,Champions
12539,22,7,11214.75,4,4,5,445,13,Champions
15555,12,36,11243.91,5,5,5,555,15,Champions
15874,63,21,11284.76,3,5,5,355,13,Loyal
13102,1,37,11380.10,5,5,5,555,15,Champions
12668,11,10,11383.03,5,5,5,555,15,Champions
14016,161,11,11403.41,3,5,5,355,13,Loyal
13680,1,12,11419.67,5,5,5,555,15,Champions
15218,10,22,11468.83,5,5,5,555,15,Champions
13418,11,31,11559.66,5,5,5,555,15,Champions
14739,4,25,11573.62,5,5,5,555,15,Champions
15023,3,20,11578.65,5,5,5,555,15,Champions
12683,4,21,11633.70,5,5,5,555,15,Champions
13004,11,36,11650.85,5,5,5,555,15,Champions
14426,23,17,11727.94,4,5,5,455,14,Champions
12705,15,14,11762.10,5,5,5,555,15,Champions
12567,22,15,11767.48,4,5,5,455,14,Champions
18226,44,26,11878.88,4,5,5,455,14,Champions
14505,17,19,11879.08,5,5,5,555,15,Champions
13687,438,1,11880.84,1,1,5,115,7,"At Risk"
17338,17,17,11889.33,5,5,5,555,15,Champions
16523,1,28,11916.33,5,5,5,555,15,Champions
16814,14,36,11924.85,5,5,5,555,15,Champions
16258,45,15,11942.52,4,5,5,455,14,Champions
13854,8,39,11944.56,5,5,5,555,15,Champions
13458,7,16,11959.27,5,5,5,555,15,Champions
17044,25,12,11962.30,4,5,5,455,14,Champions
17364,0,28,11972.92,5,5,5,555,15,Champions
14415,1,23,11980.09,5,5,5,555,15,Champions
13050,14,35,11986.52,5,5,5,555,15,Champions
15194,3,28,12021.53,5,5,5,555,15,Champions
15465,19,32,12100.40,5,5,5,555,15,Champions
15144,8,29,12160.31,5,5,5,555,15,Champions
12481,22,15,12185.51,4,5,5,455,14,Champions
14735,3,56,12240.16,5,5,5,555,15,Champions
12474,17,31,12372.75,5,5,5,555,15,Champions
16000,2,3,12393.70,5,3,5,535,13,Other
14936,33,12,12410.81,4,5,5,455,14,Champions
17858,5,30,12518.65,5,5,5,555,15,Champions
14040,40,35,12523.81,4,5,5,455,14,Champions
17017,2,29,12576.99,5,5,5,555,15,Champions
16161,1,43,12580.06,5,5,5,555,15,Champions
12536,43,3,12601.83,4,3,5,435,12,Other
12451,10,8,12669.88,5,5,5,555,15,Champions
12437,1,39,12683.40,5,5,5,555,15,Champions
16549,10,34,12781.80,5,5,5,555,15,Champions
13468,1,72,12793.28,5,5,5,555,15,Champions
13952,217,14,12823.52,2,5,5,255,12,Loyal
13316,37,10,12940.82,4,5,5,455,14,Champions
13668,2,35,12948.48,5,5,5,555,15,Champions
13969,7,35,12973.46,5,5,5,555,15,Champions
14110,3,33,12987.95,5,5,5,555,15,Champions
15502,15,14,13003.87,5,5,5,555,15,Champions
18225,3,26,13014.80,5,5,5,555,15,Champions
14049,16,13,13023.40,5,5,5,555,15,Champions
15738,18,41,13043.32,5,5,5,555,15,Champions
13090,8,24,13091.74,5,5,5,555,15,Champions
16923,12,32,13157.13,5,5,5,555,15,Champions
16558,0,38,13304.11,5,5,5,555,15,Champions
13097,32,28,13324.10,4,5,5,455,14,Champions
13629,23,19,13370.86,4,5,5,455,14,Champions
15291,25,40,13517.76,4,5,5,455,14,Champions
12989,3,33,13551.75,5,5,5,555,15,Champions
12583,2,27,13591.58,5,5,5,555,15,Champions
15093,18,23,13702.38,5,5,5,555,15,Champions
15382,14,12,13733.55,5,5,5,555,15,Champions
15005,15,56,13754.58,5,5,5,555,15,Champions
17589,60,18,13837.94,3,5,5,355,13,Loyal
15760,630,2,13916.34,1,2,5,125,8,"At Risk"
12435,79,6,13925.93,3,4,5,345,12,Loyal
18223,4,26,14000.85,5,5,5,555,15,Champions
13178,26,21,14059.19,4,5,5,455,14,Champions
14299,8,27,14070.25,5,5,5,555,15,Champions
12476,15,23,14083.91,5,5,5,555,15,Champions
12714,9,12,14093.71,5,5,5,555,15,Champions
16713,18,32,14115.56,5,5,5,555,15,Champions
15601,11,30,14191.74,5,5,5,555,15,Champions
13488,17,23,14205.96,5,5,5,555,15,Champions
14733,16,15,14335.15,5,5,5,555,15,Champions
15482,15,19,14417.36,5,5,5,555,15,Champions
17448,497,46,14523.67,1,5,5,155,11,Loyal
14543,28,39,14587.87,4,5,5,455,14,Champions
16873,4,12,14617.39,5,5,5,555,15,Champions
17133,15,12,14622.33,5,5,5,555,15,Champions
16126,29,15,14644.60,4,5,5,455,14,Champions
18092,2,18,14693.72,5,5,5,555,15,Champions
18087,98,17,14761.52,3,5,5,355,13,Loyal
15768,115,34,15308.89,3,5,5,355,13,Loyal
14849,21,43,15407.61,4,5,5,455,14,Champions
14769,2,17,15514.11,5,5,5,555,15,Champions
12949,30,22,15526.70,4,5,5,455,14,Champions
16191,2,24,15677.82,5,5,5,555,15,Champions
12971,3,116,15704.60,5,5,5,555,15,Champions
17716,22,24,15956.97,4,5,5,455,14,Champions
13199,3,67,15964.21,5,5,5,555,15,Champions
15044,19,35,16024.15,5,5,5,555,15,Champions
17107,33,10,16052.72,4,5,5,455,14,Champions
12980,157,21,16245.78,3,5,5,355,13,Loyal
12472,32,19,16249.29,4,5,5,455,14,Champions
16180,100,13,16249.87,3,5,5,355,13,Loyal
13225,3,16,16260.07,5,5,5,555,15,Champions
14961,10,22,16410.15,5,5,5,555,15,Champions
15358,4,42,16425.86,5,5,5,555,15,Champions
13564,144,37,16498.97,3,5,5,355,13,Loyal
16553,163,33,16584.01,3,5,5,355,13,Loyal
12454,56,5,16679.78,4,4,5,445,13,Champions
17735,2,26,16790.33,5,5,5,555,15,Champions
12433,0,10,16794.14,5,5,5,555,15,Champions
16656,22,30,16833.17,4,5,5,455,14,Champions
12647,22,36,16955.55,4,5,5,455,14,Champions
15125,25,24,17024.87,4,5,5,455,14,Champions
15808,306,21,17180.25,2,5,5,255,12,Loyal
14277,15,9,17197.61,5,5,5,555,15,Champions
13027,113,19,17239.20,3,5,5,355,13,Loyal
15523,84,16,17259.19,3,5,5,355,13,Loyal
15078,7,53,17286.73,5,5,5,555,15,Champions
17416,29,22,17298.45,4,5,5,455,14,Champions
16019,46,27,17329.16,4,5,5,455,14,Champions
18172,14,52,17467.24,5,5,5,555,15,Champions
15189,1,46,17524.38,5,5,5,555,15,Champions
16652,58,16,17550.39,4,5,5,455,14,Champions
14952,59,32,17629.35,3,5,5,355,13,Loyal
17377,23,78,17644.27,4,5,5,455,14,Champions
12901,8,28,17654.54,5,5,5,555,15,Champions
17581,0,43,17951.17,5,5,5,555,15,Champions
16746,4,42,18046.75,5,5,5,555,15,Champions
12557,16,8,18096.14,5,5,5,555,15,Champions
13113,0,37,18230.07,5,5,5,555,15,Champions
12357,33,3,18287.66,4,3,5,435,12,Other
14194,4,36,18670.59,5,5,5,555,15,Champions
17139,15,25,19566.76,5,5,5,555,15,Champions
16843,42,35,19571.43,4,5,5,455,14,Champions
17340,29,18,19617.95,4,5,5,455,14,Champions
18008,70,23,19759.08,3,5,5,355,13,Loyal
17243,1,69,20203.58,5,5,5,555,15,Champions
17706,4,31,20272.15,5,5,5,555,15,Champions
12477,22,9,20276.37,4,5,5,455,14,Champions
15251,9,21,20324.54,5,5,5,555,15,Champions
14667,10,54,20395.34,5,5,5,555,15,Champions
14866,10,19,20746.54,5,5,5,555,15,Champions
13319,5,58,21323.22,5,5,5,555,15,Champions
15615,10,47,21373.97,5,5,5,555,15,Champions
12753,22,6,21429.39,4,4,5,445,13,Champions
16839,8,44,21758.25,5,5,5,555,15,Champions
14051,0,37,21770.98,5,5,5,555,15,Champions
13340,45,12,22100.56,4,5,5,455,14,Champions
15159,1,34,22116.73,5,5,5,555,15,Champions
12540,19,33,22254.49,4,5,5,455,14,Champions
14063,438,9,22710.20,1,5,5,155,11,Loyal
12682,3,52,22950.22,5,5,5,555,15,Champions
16133,3,56,22992.26,5,5,5,555,15,Champions
12409,78,7,23419.29,3,4,5,345,12,Loyal
15640,4,29,23494.31,5,5,5,555,15,Champions
17920,4,54,23581.78,5,5,5,555,15,Champions
12482,576,29,23691.40,1,5,5,155,11,Loyal
14607,15,22,23763.13,5,5,5,555,15,Champions
13001,4,33,24042.65,5,5,5,555,15,Champions
16525,2,48,24151.30,5,5,5,555,15,Champions
12621,1,35,24311.20,5,5,5,555,15,Champions
15498,2,44,24972.86,5,5,5,555,15,Champions
14895,7,38,25119.54,5,5,5,555,15,Champions
12939,64,20,25264.80,3,5,5,355,13,Loyal
12744,51,11,25317.06,4,5,5,455,14,Champions
14062,9,24,25585.65,5,5,5,555,15,Champions
12731,23,17,25775.71,4,5,5,455,14,Champions
13802,138,19,26259.11,3,5,5,355,13,Loyal
18251,87,9,26278.86,3,5,5,355,13,Loyal
17865,30,46,26312.19,4,5,5,455,14,Champions
15513,33,35,26437.05,4,5,5,455,14,Champions
16333,7,22,26626.80,5,5,5,555,15,Champions
14527,2,122,27246.88,5,5,5,555,15,Champions
17857,4,24,27347.04,5,5,5,555,15,Champions
13098,1,28,28882.44,5,5,5,555,15,Champions
13078,3,57,29018.06,5,5,5,555,15,Champions
12681,14,45,29834.76,5,5,5,555,15,Champions
14606,1,192,29951.37,5,5,5,555,15,Champions
12709,15,34,30291.76,5,5,5,555,15,Champions
17940,49,16,30306.79,4,5,5,455,14,Champions
17428,0,45,31466.76,5,5,5,555,15,Champions
14258,9,25,32051.34,5,5,5,555,15,Champions
15856,4,52,32275.95,5,5,5,555,15,Champions
16779,2,53,32809.03,5,5,5,555,15,Champions
16210,1,35,33750.97,5,5,5,555,15,Champions
13767,2,73,33903.57,5,5,5,555,15,Champions
13902,632,5,34095.26,1,4,5,145,10,Loyal
12678,42,21,34281.18,4,5,5,455,14,Champions
17677,1,54,35058.46,5,5,5,555,15,Champions
12921,9,74,35233.24,5,5,5,555,15,Champions
17381,8,38,36398.65,5,5,5,555,15,Champions
17675,1,70,37642.48,5,5,5,555,15,Champions
14031,7,44,39019.51,5,5,5,555,15,Champions
15039,9,93,39141.48,5,5,5,555,15,Champions
15098,182,3,39916.50,3,3,5,335,11,Other
12471,2,79,39918.19,5,5,5,555,15,Champions
16705,0,42,43515.05,5,5,5,555,15,Champions
15749,235,3,44534.30,2,3,5,235,10,"At Risk"
13881,3,43,45179.10,5,5,5,555,15,Champions
17404,4,23,47781.12,5,5,5,555,15,Champions
13777,0,61,49638.26,5,5,5,555,15,Champions
13408,1,106,50174.78,5,5,5,555,15,Champions
17850,372,155,51208.87,2,5,5,255,12,Loyal
12748,0,336,53539.64,5,5,5,555,15,Champions
13093,275,55,54144.25,2,5,5,255,12,Loyal
14680,25,58,55688.50,4,5,5,455,14,Champions
16013,3,84,56078.44,5,5,5,555,15,Champions
13081,11,28,56838.37,5,5,5,555,15,Champions
17389,0,61,57215.33,5,5,5,555,15,Champions
16422,17,109,61920.87,5,5,5,555,15,Champions
14088,10,16,64036.80,5,5,5,555,15,Champions
14096,4,17,65164.79,5,5,5,555,15,Champions
16754,372,29,65500.07,2,5,5,255,12,Loyal
17841,1,211,68545.25,5,5,5,555,15,Champions
15838,11,34,73205.50,5,5,5,555,15,Champions
13798,1,110,75428.87,5,5,5,555,15,Champions
12346,325,12,77556.46,2,5,5,255,12,Loyal
15769,7,46,88612.52,5,5,5,555,15,Champions
14298,8,82,91194.49,5,5,5,555,15,Champions
12931,21,57,92347.34,4,5,5,455,14,Champions
13089,2,203,113416.91,5,5,5,555,15,Champions
15311,0,208,114966.42,5,5,5,555,15,Champions
17949,1,118,117314.08,5,5,5,555,15,Champions
16029,38,107,117763.62,4,5,5,455,14,Champions
15061,3,127,126389.02,5,5,5,555,15,Champions
12415,24,28,144458.37,4,5,5,455,14,Champions
16684,4,55,147142.77,5,5,5,555,15,Champions
16446,0,2,168472.50,5,3,5,535,13,Other
17511,2,60,172132.87,5,5,5,555,15,Champions
13694,3,143,195640.69,5,5,5,555,15,Champions
17450,8,51,244784.25,5,5,5,555,15,Champions
14911,1,398,291420.81,5,5,5,555,15,Champions
14156,9,156,313437.62,5,5,5,555,15,Champions
14646,1,151,528602.52,5,5,5,555,15,Champions
18102,0,145,580987.04,5,5,5,555,15,Champions
